job_title,company_size,ai_adoption_level,automation_risk,salary_usd,remote_friendly,job_growth_projection,industry_Energy,industry_Entertainment,industry_Finance,industry_Healthcare,industry_Manufacturing,industry_Retail,industry_Technology,industry_Telecommunications,industry_Transportation,location_Dubai,location_London,location_New York,location_Paris,location_San Francisco,location_Singapore,location_Sydney,location_Tokyo,location_Toronto,skill_javascript,skill_python,skill_sales,skill_marketing,skill_data_analysis,skill_ux/ui_design,skill_project_management,skill_communication,skill_machine_learning,skill_cybersecurity
Cybersecurity Analyst,Small,Medium,High,111392.16524315962,Yes,Growth,False,True,False,False,False,False,False,False,False,True,False,False,False,False,False,False,False,False,0,0,0,0,0,1,0,0,0,0
Marketing Specialist,Large,Medium,High,93792.56246610906,No,Decline,False,False,False,False,False,False,True,False,False,False,False,False,False,False,True,False,False,False,0,0,0,1,0,0,0,0,0,0
AI Researcher,Large,Medium,High,107170.26306894996,Yes,Growth,False,False,False,False,False,False,True,False,False,False,False,False,False,False,True,False,False,False,0,0,0,0,0,1,0,0,0,0
Sales Manager,Small,Low,High,93027.95375786416,No,Growth,False,False,False,False,False,True,False,False,False,False,False,False,False,False,False,False,False,False,0,0,0,0,0,0,1,0,0,0
Cybersecurity Analyst,Small,Low,Low,87752.92217059238,Yes,Decline,False,True,False,False,False,False,False,False,False,False,False,False,False,False,False,False,True,False,1,0,0,0,0,0,0,0,0,0
UX Designer,Large,Medium,Medium,102825.0078665678,No,Growth,False,False,False,False,False,False,False,False,False,False,False,False,False,True,False,False,False,False,0,0,0,0,0,0,0,0,0,1
HR Manager,Medium,Low,High,102065.72067347592,Yes,Growth,False,False,True,False,False,False,False,False,False,False,False,False,False,False,True,False,False,False,0,0,1,0,0,0,0,0,0,0
Cybersecurity Analyst,Small,Medium,Low,86607.3176180969,Yes,Decline,False,False,False,False,False,False,True,False,False,True,False,False,False,False,False,False,False,False,0,0,0,0,0,0,0,0,1,0
AI Researcher,Large,High,Low,75015.86084571481,No,Stable,False,False,False,False,False,True,False,False,False,False,True,False,False,False,False,False,False,False,1,0,0,0,0,0,0,0,0,0
Sales Manager,Medium,High,Low,96834.57829480869,Yes,Decline,False,True,False,False,False,False,False,False,False,False,False,False,False,False,True,False,False,False,0,0,0,0,0,0,0,0,0,1
Marketing Specialist,Small,High,High,91566.97337925188,Yes,Growth,False,False,True,False,False,False,False,False,False,False,True,False,False,False,False,False,False,False,0,1,0,0,0,0,0,0,0,0
AI Researcher,Medium,Medium,High,78902.56574458485,No,Growth,False,True,False,False,False,False,False,False,False,False,False,False,False,False,True,False,False,False,0,0,0,0,0,1,0,0,0,0
AI Researcher,Large,High,Medium,73151.99034926406,Yes,Growth,False,False,False,False,False,False,False,False,True,False,False,False,False,True,False,False,False,False,0,1,0,0,0,0,0,0,0,0
HR Manager,Small,Low,High,98209.51687788912,Yes,Decline,False,False,False,False,False,True,False,False,False,False,False,False,True,False,False,False,False,False,0,0,0,0,0,0,0,0,0,1
Product Manager,Medium,High,High,101001.90114055388,Yes,Growth,False,False,True,False,False,False,False,False,False,False,False,False,False,False,True,False,False,False,1,0,0,0,0,0,0,0,0,0
Sales Manager,Small,High,Low,82799.35770690278,No,Growth,False,False,False,False,False,False,False,True,False,True,False,False,False,False,False,False,False,False,0,0,0,0,0,1,0,0,0,0
Software Engineer,Medium,High,Medium,78401.25928174148,No,Decline,False,False,False,False,True,False,False,False,False,False,False,False,False,False,True,False,False,False,0,0,0,0,0,0,0,0,1,0
AI Researcher,Large,Low,High,73394.89621925619,No,Stable,False,False,False,False,True,False,False,False,False,False,False,False,False,False,False,False,True,False,0,0,0,0,0,0,1,0,0,0
Product Manager,Large,Medium,High,97645.09878289838,Yes,Stable,False,False,True,False,False,False,False,False,False,False,False,False,False,True,False,False,False,False,0,0,0,0,0,1,0,0,0,0
Software Engineer,Small,Low,Low,73920.45852718527,Yes,Growth,False,True,False,False,False,False,False,False,False,True,False,False,False,False,False,False,False,False,0,0,0,0,0,1,0,0,0,0
Sales Manager,Medium,Medium,Low,134822.69138041462,Yes,Decline,False,False,False,False,False,True,False,False,False,False,False,False,False,False,False,True,False,False,1,0,0,0,0,0,0,0,0,0
Data Scientist,Small,Medium,High,81794.37128058006,Yes,Growth,False,False,False,False,True,False,False,False,False,True,False,False,False,False,False,False,False,False,1,0,0,0,0,0,0,0,0,0
UX Designer,Small,High,Medium,41495.71444254798,No,Decline,False,False,False,False,False,True,False,False,False,False,False,False,False,False,False,False,True,False,0,0,0,0,0,0,0,0,0,1
Product Manager,Medium,Medium,Medium,89396.5666674173,Yes,Decline,False,False,False,False,True,False,False,False,False,False,False,False,True,False,False,False,False,False,0,0,0,0,1,0,0,0,0,0
Operations Manager,Medium,Low,Low,88539.33040362394,Yes,Stable,False,False,False,False,False,False,False,False,True,False,False,False,False,True,False,False,False,False,0,0,0,0,0,1,0,0,0,0
Data Scientist,Medium,Low,Low,112234.37135048377,Yes,Stable,False,True,False,False,False,False,False,False,False,False,False,False,False,False,False,True,False,False,0,0,1,0,0,0,0,0,0,0
UX Designer,Large,Medium,High,95762.52473455408,No,Decline,False,False,False,False,False,False,False,False,True,False,False,False,False,False,False,False,True,False,0,0,0,0,0,1,0,0,0,0
HR Manager,Small,High,Low,73323.29633120395,Yes,Growth,False,False,False,False,True,False,False,False,False,False,False,False,False,False,False,False,True,False,0,0,0,0,0,0,0,0,0,1
Cybersecurity Analyst,Small,High,High,84272.16253006447,Yes,Stable,False,False,False,False,False,False,False,True,False,False,False,True,False,False,False,False,False,False,0,0,0,1,0,0,0,0,0,0
Marketing Specialist,Large,Low,Medium,96548.39543301976,Yes,Growth,False,False,False,False,False,False,False,True,False,False,False,False,False,True,False,False,False,False,0,1,0,0,0,0,0,0,0,0
Operations Manager,Medium,High,Medium,46705.714993791786,Yes,Stable,False,False,False,False,False,False,False,False,True,True,False,False,False,False,False,False,False,False,0,0,0,0,0,0,1,0,0,0
HR Manager,Large,Medium,High,116772.434687809,Yes,Stable,False,False,False,False,False,False,False,True,False,False,True,False,False,False,False,False,False,False,0,0,0,0,1,0,0,0,0,0
Sales Manager,Large,Medium,Low,73376.6022839067,No,Growth,False,False,False,False,True,False,False,False,False,False,False,False,True,False,False,False,False,False,0,0,0,0,0,0,0,0,1,0
HR Manager,Large,Low,Medium,118340.87641895234,Yes,Stable,False,False,True,False,False,False,False,False,False,False,True,False,False,False,False,False,False,False,0,0,0,0,0,0,0,0,1,0
Cybersecurity Analyst,Small,Medium,Low,97849.30282253175,Yes,Stable,False,False,False,False,False,False,False,False,True,True,False,False,False,False,False,False,False,False,0,0,0,0,0,0,0,0,1,0
Sales Manager,Large,Low,Medium,102591.88272787948,Yes,Growth,False,False,False,True,False,False,False,False,False,True,False,False,False,False,False,False,False,False,1,0,0,0,0,0,0,0,0,0
Operations Manager,Small,Medium,High,112988.46872002544,Yes,Stable,False,True,False,False,False,False,False,False,False,False,False,False,False,True,False,False,False,False,0,0,0,0,0,0,0,0,1,0
Cybersecurity Analyst,Small,Low,High,101462.64105384996,Yes,Stable,False,False,False,False,False,False,False,True,False,True,False,False,False,False,False,False,False,False,0,0,0,0,0,0,1,0,0,0
Software Engineer,Small,High,High,103457.72432634902,Yes,Stable,False,False,False,False,False,False,False,True,False,False,False,True,False,False,False,False,False,False,0,1,0,0,0,0,0,0,0,0
Marketing Specialist,Medium,Medium,Medium,86711.67119077238,Yes,Growth,False,False,False,False,False,False,True,False,False,False,False,False,False,False,False,True,False,False,0,0,0,0,0,0,0,0,1,0
Operations Manager,Small,Medium,Low,97443.3736294419,Yes,Decline,False,False,False,False,False,False,False,False,False,True,False,False,False,False,False,False,False,False,0,0,0,0,0,1,0,0,0,0
Software Engineer,Small,Low,Low,78250.04370056515,Yes,Growth,False,False,False,False,False,False,False,False,True,False,True,False,False,False,False,False,False,False,0,0,0,0,0,1,0,0,0,0
UX Designer,Medium,Low,Low,83131.77800824065,Yes,Decline,True,False,False,False,False,False,False,False,False,True,False,False,False,False,False,False,False,False,1,0,0,0,0,0,0,0,0,0
Operations Manager,Small,Medium,Medium,129293.90095937817,No,Stable,False,False,False,False,False,False,False,True,False,False,False,True,False,False,False,False,False,False,0,0,0,0,0,0,1,0,0,0
UX Designer,Large,Low,Medium,73836.12829899156,No,Decline,False,True,False,False,False,False,False,False,False,False,False,False,False,False,True,False,False,False,0,1,0,0,0,0,0,0,0,0
Sales Manager,Large,Medium,Medium,93086.3425327256,No,Growth,False,False,False,True,False,False,False,False,False,False,False,False,False,False,True,False,False,False,0,0,0,0,1,0,0,0,0,0
Software Engineer,Small,High,Medium,92269.38073430952,No,Growth,False,False,False,False,False,False,False,True,False,False,False,False,False,False,False,False,True,False,0,0,0,0,0,0,0,0,0,1
Marketing Specialist,Medium,Low,Medium,83784.91056438402,Yes,Stable,False,False,False,True,False,False,False,False,False,False,False,False,True,False,False,False,False,False,0,1,0,0,0,0,0,0,0,0
Cybersecurity Analyst,Large,Medium,Low,100288.01873140877,No,Decline,False,False,False,False,True,False,False,False,False,False,False,False,False,False,False,False,False,False,0,0,0,0,0,0,0,0,0,1
AI Researcher,Medium,High,Medium,101794.44185482766,No,Stable,False,False,False,False,True,False,False,False,False,False,False,False,False,False,False,True,False,False,0,0,0,1,0,0,0,0,0,0
HR Manager,Medium,High,Medium,71483.61633704841,Yes,Stable,False,False,False,False,False,False,False,False,False,False,False,False,False,False,False,False,False,True,0,0,0,0,0,0,0,0,0,1
Data Scientist,Large,Medium,Low,92027.13423093104,No,Growth,False,False,True,False,False,False,False,False,False,False,False,False,False,False,False,False,True,False,0,0,1,0,0,0,0,0,0,0
Marketing Specialist,Medium,Low,Medium,68352.65322455287,No,Decline,True,False,False,False,False,False,False,False,False,False,False,False,True,False,False,False,False,False,0,0,0,0,0,1,0,0,0,0
Software Engineer,Large,Medium,Low,105770.97236634602,Yes,Decline,False,False,False,False,False,False,True,False,False,False,False,False,False,False,True,False,False,False,0,0,0,0,0,0,1,0,0,0
AI Researcher,Medium,High,Low,93529.74620725252,Yes,Decline,False,False,False,False,False,False,False,False,False,False,True,False,False,False,False,False,False,False,0,0,0,0,0,0,0,1,0,0
Marketing Specialist,Large,Medium,High,91646.59773434176,Yes,Decline,False,False,False,False,False,True,False,False,False,False,False,False,False,False,False,False,False,True,1,0,0,0,0,0,0,0,0,0
Software Engineer,Small,Low,High,103180.62697744806,No,Stable,False,False,False,False,False,False,True,False,False,False,False,False,True,False,False,False,False,False,0,0,1,0,0,0,0,0,0,0
Product Manager,Large,High,High,84489.79419063198,No,Stable,False,False,False,False,False,False,False,False,True,False,False,False,True,False,False,False,False,False,0,0,0,0,0,0,0,0,0,1
Product Manager,Large,Medium,High,108280.43918436408,Yes,Growth,False,True,False,False,False,False,False,False,False,False,False,False,False,False,False,False,True,False,0,0,0,0,0,0,0,0,1,0
UX Designer,Large,Low,Medium,71031.10254487729,Yes,Stable,False,False,False,False,False,True,False,False,False,False,False,False,False,False,False,False,False,True,0,0,0,0,0,0,1,0,0,0
Marketing Specialist,Large,High,High,118237.53037789057,No,Stable,False,False,False,False,False,True,False,False,False,False,False,False,False,True,False,False,False,False,0,0,1,0,0,0,0,0,0,0
Product Manager,Medium,Low,Low,78981.77634890293,Yes,Growth,False,False,False,False,False,False,False,False,False,False,False,False,False,False,False,False,False,False,1,0,0,0,0,0,0,0,0,0
Software Engineer,Small,High,Medium,56076.41864608825,No,Growth,False,False,True,False,False,False,False,False,False,False,False,False,False,True,False,False,False,False,0,0,0,0,0,1,0,0,0,0
UX Designer,Large,Medium,High,83429.30183074536,Yes,Growth,False,False,False,False,False,False,False,False,False,False,False,False,False,False,False,False,False,True,0,0,0,0,0,0,1,0,0,0
Software Engineer,Medium,Low,Low,81160.63605491581,Yes,Stable,False,False,False,False,False,False,False,False,True,False,False,False,False,True,False,False,False,False,1,0,0,0,0,0,0,0,0,0
UX Designer,Small,High,Medium,83278.52027699928,No,Stable,False,False,False,False,False,False,False,True,False,False,False,True,False,False,False,False,False,False,0,0,0,1,0,0,0,0,0,0
Marketing Specialist,Small,Low,Medium,94632.96030967963,Yes,Growth,False,False,False,False,False,False,False,True,False,False,False,False,False,False,True,False,False,False,0,0,0,1,0,0,0,0,0,0
AI Researcher,Small,Low,High,111956.84721776543,Yes,Growth,False,False,True,False,False,False,False,False,False,False,False,True,False,False,False,False,False,False,1,0,0,0,0,0,0,0,0,0
Cybersecurity Analyst,Small,Medium,Medium,86165.88172205727,Yes,Growth,False,False,False,False,False,False,False,False,True,True,False,False,False,False,False,False,False,False,0,0,1,0,0,0,0,0,0,0
Operations Manager,Large,Low,Low,76167.64860362199,No,Stable,False,False,True,False,False,False,False,False,False,False,False,False,False,True,False,False,False,False,0,0,0,0,0,0,1,0,0,0
AI Researcher,Large,High,Medium,67469.06375432406,Yes,Stable,False,False,False,True,False,False,False,False,False,True,False,False,False,False,False,False,False,False,0,0,1,0,0,0,0,0,0,0
Sales Manager,Medium,High,Low,80636.34417381912,Yes,Decline,False,False,False,False,False,False,False,True,False,False,True,False,False,False,False,False,False,False,0,0,0,0,1,0,0,0,0,0
Software Engineer,Medium,High,Medium,52243.50321499295,Yes,Stable,False,False,False,False,False,True,False,False,False,False,False,False,False,False,False,True,False,False,0,0,0,0,0,0,0,0,0,1
Sales Manager,Medium,High,High,75497.33812967277,Yes,Stable,True,False,False,False,False,False,False,False,False,False,True,False,False,False,False,False,False,False,0,0,0,0,1,0,0,0,0,0
AI Researcher,Small,Medium,Low,114881.07791724372,Yes,Stable,False,True,False,False,False,False,False,False,False,False,False,False,False,False,False,False,False,True,0,0,0,1,0,0,0,0,0,0
UX Designer,Small,Low,Medium,73532.81590843154,Yes,Growth,False,False,False,False,False,False,False,False,True,False,False,False,True,False,False,False,False,False,0,0,0,0,0,1,0,0,0,0
Operations Manager,Large,Medium,Medium,102574.31721600612,No,Stable,False,False,False,False,False,False,True,False,False,False,False,False,False,False,True,False,False,False,0,1,0,0,0,0,0,0,0,0
Operations Manager,Small,Low,Medium,65470.358203830205,No,Growth,False,False,True,False,False,False,False,False,False,False,False,False,False,True,False,False,False,False,0,0,0,0,0,0,0,0,0,1
Data Scientist,Small,Low,Low,125421.91798621108,Yes,Decline,False,True,False,False,False,False,False,False,False,False,False,False,False,False,False,False,True,False,0,0,0,1,0,0,0,0,0,0
Operations Manager,Small,Low,Low,126752.1346612942,No,Decline,False,False,False,False,False,False,True,False,False,False,False,False,False,False,False,True,False,False,0,0,1,0,0,0,0,0,0,0
Cybersecurity Analyst,Medium,Medium,Low,101820.43113119752,No,Growth,False,True,False,False,False,False,False,False,False,False,False,False,False,False,False,False,False,False,0,0,1,0,0,0,0,0,0,0
Operations Manager,Medium,Low,High,129825.05203287044,Yes,Growth,True,False,False,False,False,False,False,False,False,False,False,False,False,False,False,False,False,False,0,0,1,0,0,0,0,0,0,0
AI Researcher,Large,Medium,High,97115.85949855324,No,Growth,False,False,False,False,False,False,True,False,False,False,False,False,False,False,False,False,False,False,0,0,0,0,0,1,0,0,0,0
Data Scientist,Small,High,Low,105370.34228299111,No,Stable,False,False,False,False,False,False,False,False,False,False,False,False,False,True,False,False,False,False,0,0,0,0,1,0,0,0,0,0
AI Researcher,Small,High,Medium,115238.6775346307,No,Decline,False,False,False,False,True,False,False,False,False,False,False,False,False,False,False,False,False,False,0,1,0,0,0,0,0,0,0,0
AI Researcher,Large,Low,High,93594.369061969,No,Growth,False,False,False,False,False,False,False,False,False,False,False,True,False,False,False,False,False,False,0,0,1,0,0,0,0,0,0,0
HR Manager,Small,Medium,Low,58952.450768298775,No,Stable,False,False,False,False,False,False,False,True,False,False,False,False,False,False,False,True,False,False,0,0,0,0,0,0,0,1,0,0
Data Scientist,Small,High,Medium,105779.26710468795,No,Decline,False,False,False,False,True,False,False,False,False,False,False,True,False,False,False,False,False,False,0,0,0,0,0,0,0,0,0,1
AI Researcher,Medium,Medium,High,80562.80811133073,No,Stable,False,False,False,False,False,False,False,False,False,False,False,False,True,False,False,False,False,False,0,0,0,0,0,0,1,0,0,0
HR Manager,Large,Medium,Medium,82049.4035808908,No,Decline,False,False,False,False,True,False,False,False,False,False,False,False,False,False,False,True,False,False,0,0,0,0,0,0,0,1,0,0
HR Manager,Large,Low,Medium,95957.8983295738,Yes,Stable,False,False,False,False,True,False,False,False,False,False,False,True,False,False,False,False,False,False,0,1,0,0,0,0,0,0,0,0
Data Scientist,Large,High,Medium,101325.6175943474,Yes,Decline,False,False,False,False,False,True,False,False,False,False,False,False,False,False,False,True,False,False,0,0,0,0,0,1,0,0,0,0
Sales Manager,Large,Low,Medium,93002.69268012435,No,Decline,False,False,True,False,False,False,False,False,False,False,False,False,True,False,False,False,False,False,0,1,0,0,0,0,0,0,0,0
UX Designer,Medium,Low,High,102714.59072314618,No,Stable,False,False,True,False,False,False,False,False,False,True,False,False,False,False,False,False,False,False,0,0,0,0,0,0,1,0,0,0
Cybersecurity Analyst,Medium,High,High,75862.85731879607,Yes,Growth,False,False,False,False,False,True,False,False,False,False,False,False,False,True,False,False,False,False,0,0,0,0,0,0,0,0,0,1
UX Designer,Small,High,High,89145.92410553433,No,Decline,False,True,False,False,False,False,False,False,False,False,False,False,False,True,False,False,False,False,0,0,0,0,0,0,1,0,0,0
Operations Manager,Small,Medium,Low,106981.70900901742,No,Growth,False,False,False,True,False,False,False,False,False,False,False,False,False,False,False,False,False,False,1,0,0,0,0,0,0,0,0,0
Cybersecurity Analyst,Small,High,High,125455.82352873433,Yes,Stable,False,True,False,False,False,False,False,False,False,False,True,False,False,False,False,False,False,False,0,0,0,0,0,0,0,0,0,1
Operations Manager,Small,Medium,Medium,132528.71177946418,Yes,Growth,False,False,False,False,False,False,True,False,False,False,False,False,False,False,False,False,False,False,0,1,0,0,0,0,0,0,0,0
AI Researcher,Medium,Medium,High,98659.53365455465,Yes,Growth,False,False,False,False,False,False,True,False,False,False,False,False,False,False,False,False,False,True,0,0,1,0,0,0,0,0,0,0
Software Engineer,Large,Medium,Medium,106800.19653491216,No,Growth,False,False,False,False,True,False,False,False,False,False,False,True,False,False,False,False,False,False,0,1,0,0,0,0,0,0,0,0
Data Scientist,Medium,High,Low,129631.5832963038,No,Growth,False,False,False,False,False,False,False,False,False,False,False,False,False,False,False,True,False,False,0,1,0,0,0,0,0,0,0,0
Cybersecurity Analyst,Small,Low,Medium,76583.27926533011,Yes,Growth,False,False,False,False,False,False,False,False,False,False,True,False,False,False,False,False,False,False,0,0,0,0,0,0,0,0,0,1
Cybersecurity Analyst,Medium,Medium,Medium,102593.99705425168,Yes,Decline,False,False,True,False,False,False,False,False,False,False,False,False,True,False,False,False,False,False,1,0,0,0,0,0,0,0,0,0
AI Researcher,Large,Low,Medium,105366.85898972292,No,Decline,False,False,False,False,False,False,False,False,True,False,False,False,False,False,False,False,False,True,0,1,0,0,0,0,0,0,0,0
Sales Manager,Large,Low,Low,118957.22872153488,Yes,Decline,False,True,False,False,False,False,False,False,False,False,False,False,True,False,False,False,False,False,0,0,0,0,0,0,0,1,0,0
HR Manager,Medium,High,High,67257.17238927555,No,Stable,False,False,False,False,False,False,False,True,False,False,False,False,False,True,False,False,False,False,0,0,0,1,0,0,0,0,0,0
AI Researcher,Medium,Low,High,71211.88432398967,No,Growth,True,False,False,False,False,False,False,False,False,False,False,False,False,True,False,False,False,False,0,0,0,0,0,0,0,0,1,0
Product Manager,Medium,Low,Low,90427.64422209412,Yes,Decline,False,False,False,False,False,False,False,False,False,False,False,False,False,False,False,False,False,False,0,0,0,0,0,0,0,0,1,0
HR Manager,Small,High,Medium,97554.55324643273,Yes,Stable,True,False,False,False,False,False,False,False,False,False,False,True,False,False,False,False,False,False,0,1,0,0,0,0,0,0,0,0
Data Scientist,Medium,Medium,High,112457.27907467616,No,Decline,False,False,False,False,True,False,False,False,False,False,True,False,False,False,False,False,False,False,0,0,0,0,0,0,0,1,0,0
HR Manager,Medium,Low,Low,100350.87551624542,Yes,Decline,True,False,False,False,False,False,False,False,False,False,False,False,False,False,True,False,False,False,0,0,1,0,0,0,0,0,0,0
Sales Manager,Medium,High,High,86971.73539779433,Yes,Growth,False,False,False,False,False,False,False,True,False,False,False,False,False,False,False,False,False,True,0,0,0,0,0,1,0,0,0,0
HR Manager,Large,Low,Low,98329.2288951228,Yes,Stable,False,False,False,False,False,True,False,False,False,False,False,False,False,False,False,False,False,True,0,0,0,0,0,1,0,0,0,0
Data Scientist,Large,Low,Medium,96020.88952548904,Yes,Growth,False,False,False,False,False,False,False,True,False,False,False,False,False,False,False,False,False,False,0,0,0,0,0,0,0,0,0,1
Sales Manager,Small,Medium,High,124900.32859975575,No,Growth,True,False,False,False,False,False,False,False,False,False,False,False,False,True,False,False,False,False,0,0,0,0,0,0,0,0,1,0
UX Designer,Small,Low,Low,93313.17887137063,No,Decline,False,False,False,False,False,False,False,True,False,False,False,False,False,False,False,False,False,False,0,1,0,0,0,0,0,0,0,0
Cybersecurity Analyst,Large,High,High,82338.33172894873,No,Growth,False,False,False,True,False,False,False,False,False,False,False,False,False,False,False,True,False,False,0,0,0,0,0,1,0,0,0,0
Cybersecurity Analyst,Large,Low,High,98992.1806014366,No,Stable,False,False,False,False,True,False,False,False,False,False,True,False,False,False,False,False,False,False,0,1,0,0,0,0,0,0,0,0
Operations Manager,Large,Medium,High,93969.70638677065,Yes,Growth,False,True,False,False,False,False,False,False,False,False,False,True,False,False,False,False,False,False,0,0,0,0,0,0,0,0,0,1
UX Designer,Medium,Medium,High,58580.13288650656,Yes,Growth,False,False,False,False,False,True,False,False,False,True,False,False,False,False,False,False,False,False,0,0,0,0,0,0,0,0,1,0
UX Designer,Medium,High,Low,89686.95876755661,No,Growth,False,False,False,False,False,False,False,False,False,False,False,False,False,False,False,False,True,False,0,0,0,0,0,0,1,0,0,0
HR Manager,Large,Medium,Medium,87985.23509187989,No,Decline,False,False,False,False,False,False,True,False,False,False,False,False,False,False,False,False,True,False,0,0,0,1,0,0,0,0,0,0
Cybersecurity Analyst,Medium,Low,Low,79122.56268441367,Yes,Stable,False,True,False,False,False,False,False,False,False,False,False,False,False,False,False,False,False,False,0,0,0,1,0,0,0,0,0,0
Data Scientist,Medium,Medium,Low,110711.66575245943,No,Decline,False,False,False,False,False,False,True,False,False,False,False,False,False,False,False,True,False,False,0,0,0,0,0,1,0,0,0,0
Marketing Specialist,Small,High,Low,74286.40806776009,No,Decline,False,False,False,False,True,False,False,False,False,False,True,False,False,False,False,False,False,False,0,0,0,1,0,0,0,0,0,0
Marketing Specialist,Large,Medium,Medium,99112.37239049075,Yes,Decline,False,False,False,False,False,True,False,False,False,False,False,False,False,False,True,False,False,False,0,0,0,0,0,0,1,0,0,0
Sales Manager,Large,Medium,High,87042.86000312539,No,Decline,False,False,True,False,False,False,False,False,False,False,False,False,False,False,False,False,True,False,0,1,0,0,0,0,0,0,0,0
Cybersecurity Analyst,Medium,Medium,High,92153.90011293563,Yes,Decline,False,False,False,False,False,False,False,False,False,False,True,False,False,False,False,False,False,False,0,0,0,0,0,0,0,0,0,1
Cybersecurity Analyst,Large,High,High,98235.72582091736,Yes,Stable,False,False,False,True,False,False,False,False,False,False,False,True,False,False,False,False,False,False,0,0,0,0,0,0,1,0,0,0
Marketing Specialist,Small,Medium,Medium,63848.51232217997,No,Growth,False,False,True,False,False,False,False,False,False,False,False,False,True,False,False,False,False,False,0,0,0,0,0,0,0,0,0,1
Cybersecurity Analyst,Small,Medium,High,93833.21783469566,Yes,Decline,False,False,False,False,True,False,False,False,False,False,False,False,False,False,False,True,False,False,0,0,0,0,0,0,0,0,0,1
HR Manager,Small,Low,Medium,135778.94979426413,No,Decline,False,True,False,False,False,False,False,False,False,False,False,False,False,True,False,False,False,False,0,0,0,0,0,0,0,0,1,0
Product Manager,Large,High,High,58864.73308242552,Yes,Stable,False,False,False,True,False,False,False,False,False,False,True,False,False,False,False,False,False,False,0,1,0,0,0,0,0,0,0,0
Software Engineer,Large,Medium,High,88847.84072568991,No,Stable,False,False,False,False,False,False,False,True,False,False,False,True,False,False,False,False,False,False,0,0,0,0,0,0,0,1,0,0
UX Designer,Large,High,Low,112464.7864964764,No,Growth,True,False,False,False,False,False,False,False,False,False,False,False,False,False,True,False,False,False,0,0,0,1,0,0,0,0,0,0
Operations Manager,Large,Medium,Medium,96032.38495907192,No,Stable,False,False,False,True,False,False,False,False,False,True,False,False,False,False,False,False,False,False,0,0,0,0,0,0,0,1,0,0
Sales Manager,Large,Medium,Low,103759.33904232067,Yes,Growth,False,False,False,False,True,False,False,False,False,False,False,False,False,True,False,False,False,False,0,0,0,0,0,0,0,0,1,0
Product Manager,Small,Medium,Low,42486.67977814768,Yes,Decline,False,False,False,False,False,False,False,False,True,True,False,False,False,False,False,False,False,False,0,0,0,0,0,0,0,0,0,1
Marketing Specialist,Medium,Low,Low,101964.987492599,No,Decline,True,False,False,False,False,False,False,False,False,False,False,False,False,False,True,False,False,False,0,0,0,0,0,1,0,0,0,0
UX Designer,Small,Low,Medium,74766.23587532803,Yes,Growth,False,False,False,False,False,False,True,False,False,False,False,True,False,False,False,False,False,False,0,0,0,1,0,0,0,0,0,0
Cybersecurity Analyst,Large,Low,Medium,96197.54569166292,No,Stable,False,False,False,False,False,False,False,False,False,False,False,False,False,False,False,False,True,False,0,0,0,1,0,0,0,0,0,0
Operations Manager,Small,High,High,89411.30538181018,No,Growth,False,False,False,False,False,False,True,False,False,True,False,False,False,False,False,False,False,False,0,1,0,0,0,0,0,0,0,0
Cybersecurity Analyst,Large,High,Low,135566.66058323265,Yes,Stable,False,False,False,True,False,False,False,False,False,False,False,False,False,True,False,False,False,False,1,0,0,0,0,0,0,0,0,0
Data Scientist,Large,Low,High,100933.9064753175,No,Decline,False,False,False,False,False,False,True,False,False,False,False,False,False,False,False,False,False,False,0,0,0,0,1,0,0,0,0,0
Data Scientist,Small,High,Low,87747.52341474428,Yes,Stable,False,False,False,False,True,False,False,False,False,False,False,False,False,False,False,False,False,True,0,0,0,0,1,0,0,0,0,0
Operations Manager,Large,Medium,Medium,59806.144814928906,No,Growth,False,False,False,False,False,False,False,True,False,False,True,False,False,False,False,False,False,False,0,0,0,0,1,0,0,0,0,0
Operations Manager,Medium,Medium,Medium,92422.93803699792,Yes,Growth,False,True,False,False,False,False,False,False,False,False,False,False,False,False,False,False,True,False,1,0,0,0,0,0,0,0,0,0
Marketing Specialist,Large,Medium,Medium,106464.57756693644,No,Decline,False,False,False,False,False,False,False,False,False,True,False,False,False,False,False,False,False,False,0,1,0,0,0,0,0,0,0,0
Operations Manager,Medium,Low,Low,88388.96216361554,No,Stable,False,False,False,False,False,False,True,False,False,False,False,False,True,False,False,False,False,False,1,0,0,0,0,0,0,0,0,0
HR Manager,Medium,High,Medium,79886.87280125119,Yes,Stable,False,False,False,False,False,False,True,False,False,False,True,False,False,False,False,False,False,False,0,0,0,0,1,0,0,0,0,0
Cybersecurity Analyst,Large,Low,Low,78548.26672307363,No,Stable,False,False,False,True,False,False,False,False,False,False,False,False,False,False,False,False,False,False,0,0,0,0,0,0,0,0,1,0
Product Manager,Small,High,High,100702.8287091064,No,Decline,False,True,False,False,False,False,False,False,False,False,False,False,False,False,True,False,False,False,0,0,0,0,0,0,1,0,0,0
AI Researcher,Medium,Medium,Low,105187.75878618314,Yes,Stable,False,False,True,False,False,False,False,False,False,False,False,False,False,False,False,False,False,True,0,0,0,0,0,0,0,0,0,1
Operations Manager,Small,Low,High,117224.20230642238,No,Growth,False,False,False,False,False,False,True,False,False,False,False,True,False,False,False,False,False,False,1,0,0,0,0,0,0,0,0,0
Sales Manager,Medium,High,Low,70100.00213579283,Yes,Stable,False,False,False,False,True,False,False,False,False,False,False,False,False,False,False,False,False,False,0,1,0,0,0,0,0,0,0,0
Data Scientist,Large,High,High,100519.55116835234,No,Decline,False,False,False,False,False,False,False,False,True,False,False,False,False,False,False,False,False,False,0,1,0,0,0,0,0,0,0,0
HR Manager,Large,Medium,Medium,87565.92091164265,Yes,Stable,False,False,False,False,False,False,False,False,False,False,False,False,False,False,True,False,False,False,0,0,0,0,0,0,0,1,0,0
UX Designer,Medium,Low,High,88155.31590733438,No,Stable,False,False,False,False,False,False,True,False,False,False,False,False,False,False,False,True,False,False,0,0,0,0,0,0,1,0,0,0
AI Researcher,Large,Low,Medium,98036.51708068005,No,Growth,False,False,False,False,True,False,False,False,False,False,False,False,False,False,True,False,False,False,0,0,0,0,0,1,0,0,0,0
Product Manager,Medium,Low,Medium,98153.12507249897,No,Stable,False,False,False,False,True,False,False,False,False,False,False,False,False,False,False,True,False,False,0,0,0,1,0,0,0,0,0,0
AI Researcher,Large,Medium,High,100575.36211583146,Yes,Growth,False,False,False,False,False,False,False,False,False,False,False,False,False,False,False,True,False,False,0,0,0,0,1,0,0,0,0,0
Operations Manager,Small,Low,Low,68850.5761560838,Yes,Growth,False,False,True,False,False,False,False,False,False,False,False,False,False,False,False,False,True,False,0,0,0,0,0,1,0,0,0,0
Marketing Specialist,Large,Medium,Low,75003.77185667082,Yes,Decline,False,False,False,False,True,False,False,False,False,False,False,False,False,False,False,False,True,False,0,0,0,0,0,0,0,1,0,0
Data Scientist,Small,Medium,Low,119717.36551035367,Yes,Growth,False,False,False,False,False,False,False,False,True,False,False,False,False,True,False,False,False,False,0,0,0,0,1,0,0,0,0,0
Data Scientist,Large,Medium,Low,85588.5506503832,No,Growth,False,False,False,False,True,False,False,False,False,True,False,False,False,False,False,False,False,False,0,0,0,0,0,0,1,0,0,0
UX Designer,Small,High,Low,96120.28796035792,No,Decline,False,False,False,False,True,False,False,False,False,True,False,False,False,False,False,False,False,False,0,0,0,0,0,0,0,1,0,0
Marketing Specialist,Large,Low,Medium,111093.32624086372,Yes,Growth,False,False,False,False,True,False,False,False,False,False,False,True,False,False,False,False,False,False,0,0,0,0,1,0,0,0,0,0
Cybersecurity Analyst,Small,Low,Low,99268.86144721638,Yes,Decline,False,False,False,False,False,False,False,True,False,True,False,False,False,False,False,False,False,False,0,0,0,0,0,0,1,0,0,0
Software Engineer,Medium,Medium,Medium,100930.45261944078,Yes,Stable,False,False,False,False,False,False,False,True,False,False,False,False,False,False,False,False,True,False,0,0,1,0,0,0,0,0,0,0
HR Manager,Medium,Medium,Medium,107891.55358487512,No,Decline,False,False,True,False,False,False,False,False,False,False,False,False,False,True,False,False,False,False,0,0,0,0,0,1,0,0,0,0
Data Scientist,Small,Low,Medium,47666.72478206,Yes,Growth,False,False,False,False,False,False,True,False,False,False,False,False,False,True,False,False,False,False,0,0,0,0,0,1,0,0,0,0
Sales Manager,Large,Medium,High,80200.99689678931,Yes,Decline,False,False,False,False,True,False,False,False,False,False,False,False,False,False,False,True,False,False,0,0,0,1,0,0,0,0,0,0
Data Scientist,Small,Low,High,99372.11592999184,No,Growth,False,True,False,False,False,False,False,False,False,False,False,False,False,False,True,False,False,False,0,0,0,0,0,0,1,0,0,0
AI Researcher,Large,High,Medium,117752.88614115314,No,Stable,False,False,False,False,False,False,True,False,False,False,False,True,False,False,False,False,False,False,1,0,0,0,0,0,0,0,0,0
Data Scientist,Medium,Medium,High,91321.91119311546,Yes,Decline,False,False,True,False,False,False,False,False,False,False,False,False,False,False,False,True,False,False,0,0,1,0,0,0,0,0,0,0
Data Scientist,Large,Low,Low,73105.67076487809,No,Stable,False,False,False,False,False,True,False,False,False,False,False,False,False,False,True,False,False,False,0,0,0,0,0,0,0,0,1,0
Software Engineer,Medium,Medium,Low,73638.27900778996,Yes,Growth,False,False,False,False,False,False,True,False,False,True,False,False,False,False,False,False,False,False,0,0,0,0,1,0,0,0,0,0
Software Engineer,Large,Low,Medium,107677.22406906149,No,Growth,False,False,False,False,False,False,True,False,False,False,False,False,False,False,False,True,False,False,0,0,1,0,0,0,0,0,0,0
Product Manager,Large,Low,Low,85644.52835216226,Yes,Stable,True,False,False,False,False,False,False,False,False,False,True,False,False,False,False,False,False,False,0,0,0,0,0,0,1,0,0,0
Cybersecurity Analyst,Large,Medium,Medium,89855.99908419327,Yes,Decline,False,False,False,True,False,False,False,False,False,True,False,False,False,False,False,False,False,False,0,0,0,0,0,0,0,0,0,1
Sales Manager,Small,High,Medium,102300.60387544638,Yes,Decline,True,False,False,False,False,False,False,False,False,False,False,False,False,False,True,False,False,False,0,0,0,0,1,0,0,0,0,0
Data Scientist,Small,Low,Low,31969.52634612842,Yes,Growth,False,False,False,False,False,False,False,False,True,False,False,True,False,False,False,False,False,False,0,1,0,0,0,0,0,0,0,0
Data Scientist,Medium,Low,High,130007.35023016162,No,Stable,False,False,False,False,False,False,False,True,False,False,False,False,False,False,True,False,False,False,0,0,0,0,0,1,0,0,0,0
HR Manager,Medium,Low,Low,75378.52329897878,No,Stable,False,False,False,False,False,False,False,True,False,False,False,False,False,False,False,True,False,False,0,0,0,0,0,0,1,0,0,0
Software Engineer,Small,High,Low,94838.72738947145,No,Decline,False,False,False,True,False,False,False,False,False,False,False,False,False,False,False,True,False,False,0,1,0,0,0,0,0,0,0,0
Sales Manager,Medium,High,Medium,55906.05973007458,No,Decline,False,False,False,False,False,False,False,False,False,False,False,False,False,False,False,False,False,False,0,0,0,1,0,0,0,0,0,0
UX Designer,Small,Medium,Medium,81549.17779189924,Yes,Decline,False,False,False,False,False,False,False,False,False,False,False,True,False,False,False,False,False,False,0,0,0,0,0,0,0,1,0,0
Product Manager,Large,High,Medium,114893.76092730192,Yes,Stable,False,False,True,False,False,False,False,False,False,False,False,False,True,False,False,False,False,False,0,0,0,0,0,0,0,0,1,0
Cybersecurity Analyst,Medium,Medium,Medium,51676.65640668242,No,Decline,False,False,False,True,False,False,False,False,False,True,False,False,False,False,False,False,False,False,0,0,0,0,0,0,0,0,1,0
Marketing Specialist,Medium,Medium,High,112524.00174378282,No,Decline,False,False,False,False,False,False,True,False,False,False,False,False,False,True,False,False,False,False,0,1,0,0,0,0,0,0,0,0
Cybersecurity Analyst,Small,High,High,84526.07807535231,No,Growth,False,False,False,False,False,False,False,False,False,False,False,True,False,False,False,False,False,False,0,0,0,0,0,1,0,0,0,0
AI Researcher,Medium,Medium,High,99743.28880440384,No,Decline,False,False,False,False,True,False,False,False,False,False,False,False,False,True,False,False,False,False,0,0,0,1,0,0,0,0,0,0
Data Scientist,Medium,High,Medium,103150.4882697022,No,Decline,False,True,False,False,False,False,False,False,False,False,False,True,False,False,False,False,False,False,0,0,0,0,0,0,0,0,0,1
Product Manager,Large,Medium,Medium,98828.42998981853,Yes,Stable,False,False,False,False,False,False,True,False,False,False,False,True,False,False,False,False,False,False,0,0,0,0,0,1,0,0,0,0
AI Researcher,Medium,High,Medium,72700.98696738348,Yes,Stable,False,False,False,False,False,False,False,False,True,False,False,False,False,False,True,False,False,False,0,0,1,0,0,0,0,0,0,0
Sales Manager,Large,High,High,82709.01706929953,Yes,Growth,False,False,False,False,True,False,False,False,False,False,False,True,False,False,False,False,False,False,0,0,0,0,0,0,0,0,1,0
Marketing Specialist,Small,Medium,Medium,60768.876454983685,No,Decline,False,False,False,False,True,False,False,False,False,False,False,False,False,False,False,False,False,False,0,0,1,0,0,0,0,0,0,0
Software Engineer,Medium,Low,Low,99835.9266317616,No,Growth,False,False,False,True,False,False,False,False,False,False,False,False,True,False,False,False,False,False,0,0,0,0,1,0,0,0,0,0
Product Manager,Large,Medium,Low,124041.10308031851,No,Stable,False,False,True,False,False,False,False,False,False,False,False,False,False,False,False,True,False,False,1,0,0,0,0,0,0,0,0,0
Product Manager,Small,High,Medium,53511.18226647075,No,Growth,False,False,False,False,False,False,False,False,True,False,False,False,False,False,False,False,False,True,0,0,0,0,0,0,1,0,0,0
Data Scientist,Medium,Low,Low,74767.0818772393,Yes,Stable,False,False,False,False,False,False,False,False,False,False,False,False,False,True,False,False,False,False,0,0,0,1,0,0,0,0,0,0
Operations Manager,Small,Medium,Low,86364.49448234134,Yes,Growth,False,False,False,True,False,False,False,False,False,False,False,False,False,False,False,True,False,False,0,0,0,0,0,1,0,0,0,0
Product Manager,Medium,Medium,High,93466.82847427108,No,Growth,False,False,False,False,False,False,False,False,False,False,False,False,False,False,False,False,False,True,0,0,0,0,0,0,0,0,1,0
HR Manager,Small,Medium,Medium,107583.52602868852,Yes,Decline,False,False,False,True,False,False,False,False,False,False,False,False,True,False,False,False,False,False,0,0,1,0,0,0,0,0,0,0
Marketing Specialist,Small,Low,Medium,86956.00039284666,Yes,Growth,False,False,False,True,False,False,False,False,False,False,False,False,True,False,False,False,False,False,0,0,0,0,0,0,0,1,0,0
Marketing Specialist,Large,High,High,83680.825471087,No,Decline,False,False,False,True,False,False,False,False,False,False,False,False,False,True,False,False,False,False,0,0,0,0,1,0,0,0,0,0
HR Manager,Small,Medium,Low,112062.6141213948,No,Decline,False,False,True,False,False,False,False,False,False,False,False,False,False,True,False,False,False,False,0,0,0,0,0,0,1,0,0,0
UX Designer,Medium,Medium,Low,103239.91134126612,No,Decline,False,False,False,True,False,False,False,False,False,False,False,False,True,False,False,False,False,False,0,0,0,0,0,0,1,0,0,0
HR Manager,Medium,Medium,Medium,100779.55951402197,No,Decline,False,False,False,False,False,True,False,False,False,False,False,False,False,False,False,False,False,True,0,0,0,0,0,1,0,0,0,0
HR Manager,Large,Medium,Low,92250.31423176228,No,Growth,False,True,False,False,False,False,False,False,False,False,False,True,False,False,False,False,False,False,0,0,0,1,0,0,0,0,0,0
Marketing Specialist,Medium,Medium,High,109663.04421839718,No,Stable,False,False,False,False,False,False,False,False,False,True,False,False,False,False,False,False,False,False,0,0,0,0,0,0,0,0,0,1
Cybersecurity Analyst,Medium,High,High,76873.81217539468,Yes,Stable,False,False,False,False,False,False,True,False,False,False,True,False,False,False,False,False,False,False,0,0,0,0,0,0,0,1,0,0
Marketing Specialist,Medium,High,Medium,74146.11435627844,Yes,Stable,True,False,False,False,False,False,False,False,False,False,False,False,False,False,False,True,False,False,0,0,0,0,0,1,0,0,0,0
Operations Manager,Small,Medium,High,104922.01973738648,No,Growth,False,False,False,False,False,False,False,False,True,False,False,False,False,False,True,False,False,False,0,0,1,0,0,0,0,0,0,0
Data Scientist,Small,Low,High,57499.280615061834,Yes,Decline,False,False,False,False,False,False,False,True,False,False,False,False,False,False,False,True,False,False,1,0,0,0,0,0,0,0,0,0
AI Researcher,Medium,High,Medium,91843.59019272974,No,Stable,False,False,True,False,False,False,False,False,False,False,False,False,False,False,True,False,False,False,0,1,0,0,0,0,0,0,0,0
Cybersecurity Analyst,Large,Low,High,83668.83295474976,No,Growth,False,False,False,False,False,False,True,False,False,False,False,False,False,False,False,False,False,True,0,0,0,0,0,0,0,0,0,1
Software Engineer,Small,High,High,61884.90538694088,No,Decline,False,False,False,False,True,False,False,False,False,False,False,False,False,False,True,False,False,False,0,0,0,1,0,0,0,0,0,0
AI Researcher,Large,Medium,High,71374.64840567471,No,Stable,False,False,False,False,False,True,False,False,False,False,False,False,False,True,False,False,False,False,0,0,0,0,1,0,0,0,0,0
Data Scientist,Medium,High,Low,87820.47815409301,Yes,Decline,False,False,False,False,False,False,False,True,False,True,False,False,False,False,False,False,False,False,0,0,0,0,0,0,0,0,0,1
Operations Manager,Medium,Medium,Medium,110679.26512998046,No,Stable,True,False,False,False,False,False,False,False,False,True,False,False,False,False,False,False,False,False,0,0,0,0,0,0,0,0,1,0
Operations Manager,Small,High,Medium,76940.84017484378,Yes,Stable,False,False,False,False,False,False,True,False,False,False,False,False,False,True,False,False,False,False,0,0,0,1,0,0,0,0,0,0
Software Engineer,Medium,Medium,Medium,114267.62799809988,No,Stable,False,False,False,False,False,False,False,True,False,False,False,False,False,False,False,False,False,False,1,0,0,0,0,0,0,0,0,0
Cybersecurity Analyst,Small,Medium,Low,91263.58455113032,No,Decline,False,False,False,False,False,False,True,False,False,False,False,False,False,False,False,False,False,True,0,0,0,0,0,0,0,0,1,0
UX Designer,Medium,Medium,Low,116207.69404339942,No,Growth,False,False,False,False,False,True,False,False,False,False,False,False,False,False,False,False,False,False,0,0,0,0,0,0,0,0,0,1
HR Manager,Medium,Medium,Medium,77910.16782439903,Yes,Decline,True,False,False,False,False,False,False,False,False,False,False,False,False,False,False,False,False,False,0,1,0,0,0,0,0,0,0,0
Cybersecurity Analyst,Small,Low,Low,89023.80823789263,No,Stable,False,False,False,False,True,False,False,False,False,False,False,False,False,False,False,True,False,False,0,1,0,0,0,0,0,0,0,0
UX Designer,Small,Medium,Medium,97369.6720667399,No,Decline,False,False,False,True,False,False,False,False,False,False,False,False,True,False,False,False,False,False,1,0,0,0,0,0,0,0,0,0
Operations Manager,Small,Low,Low,86409.79074516977,No,Growth,False,False,False,False,False,False,False,False,False,False,False,False,False,False,False,True,False,False,0,0,0,0,0,0,1,0,0,0
Marketing Specialist,Medium,Low,High,109060.48294290472,Yes,Decline,False,False,False,False,True,False,False,False,False,False,False,False,True,False,False,False,False,False,0,0,0,0,0,0,0,1,0,0
Data Scientist,Medium,Medium,High,45848.72549419468,Yes,Growth,False,False,False,True,False,False,False,False,False,False,True,False,False,False,False,False,False,False,0,0,0,0,1,0,0,0,0,0
Software Engineer,Large,Low,Medium,138448.1107757988,Yes,Growth,False,False,True,False,False,False,False,False,False,False,False,False,False,False,True,False,False,False,0,0,0,0,0,0,1,0,0,0
Data Scientist,Small,High,Low,107155.49213990325,No,Decline,False,True,False,False,False,False,False,False,False,False,False,False,True,False,False,False,False,False,0,1,0,0,0,0,0,0,0,0
Sales Manager,Medium,Medium,Low,86529.36341929967,Yes,Stable,False,False,False,False,False,False,False,False,True,False,False,False,False,True,False,False,False,False,0,1,0,0,0,0,0,0,0,0
Sales Manager,Medium,Low,High,78953.56652845311,No,Growth,False,False,False,False,False,False,False,False,True,False,False,False,False,False,False,True,False,False,0,0,1,0,0,0,0,0,0,0
Cybersecurity Analyst,Small,Medium,High,72671.58777102892,Yes,Decline,False,False,False,False,False,False,False,False,False,False,False,False,False,False,False,False,False,True,0,0,0,0,0,0,0,0,1,0
Operations Manager,Large,Medium,Low,102912.30948339474,Yes,Growth,True,False,False,False,False,False,False,False,False,False,False,False,False,False,True,False,False,False,0,0,0,0,0,0,0,0,0,1
Operations Manager,Small,Medium,Low,109899.63337584709,No,Stable,False,False,False,False,False,True,False,False,False,False,True,False,False,False,False,False,False,False,0,0,0,0,1,0,0,0,0,0
HR Manager,Large,Low,Low,86749.477437402,Yes,Decline,True,False,False,False,False,False,False,False,False,False,False,False,True,False,False,False,False,False,1,0,0,0,0,0,0,0,0,0
HR Manager,Medium,High,Low,112139.80825957004,No,Decline,False,False,False,False,False,True,False,False,False,False,True,False,False,False,False,False,False,False,0,0,0,0,0,0,0,0,0,1
HR Manager,Large,High,Low,71854.79906477756,No,Decline,True,False,False,False,False,False,False,False,False,False,False,False,False,False,False,False,False,True,0,0,1,0,0,0,0,0,0,0
Marketing Specialist,Medium,Low,Low,68323.78300026328,Yes,Stable,False,True,False,False,False,False,False,False,False,False,False,False,False,False,False,False,False,False,0,1,0,0,0,0,0,0,0,0
AI Researcher,Small,Medium,Medium,126266.82410491098,No,Growth,False,False,True,False,False,False,False,False,False,True,False,False,False,False,False,False,False,False,1,0,0,0,0,0,0,0,0,0
Product Manager,Small,Low,Low,101822.17227077084,No,Decline,False,False,True,False,False,False,False,False,False,False,False,False,False,False,False,False,False,True,0,1,0,0,0,0,0,0,0,0
AI Researcher,Small,Low,High,117936.96403626657,Yes,Growth,False,False,False,True,False,False,False,False,False,False,False,False,False,False,False,False,True,False,0,0,0,0,1,0,0,0,0,0
Data Scientist,Large,Low,Medium,72921.20583224614,Yes,Growth,False,False,False,False,False,False,False,True,False,False,False,False,False,False,False,False,False,True,0,0,0,0,0,0,0,0,1,0
AI Researcher,Medium,Medium,Low,71529.49216462541,No,Stable,False,False,True,False,False,False,False,False,False,False,True,False,False,False,False,False,False,False,0,0,0,0,0,0,0,0,0,1
Marketing Specialist,Small,Low,High,82827.81361084916,Yes,Decline,False,False,True,False,False,False,False,False,False,False,False,False,False,True,False,False,False,False,0,0,0,0,0,0,0,0,0,1
Data Scientist,Small,Medium,Medium,73518.82316921977,No,Growth,False,False,False,False,True,False,False,False,False,False,False,False,False,False,False,True,False,False,0,0,0,0,0,0,1,0,0,0
AI Researcher,Medium,Low,High,104107.30420456902,No,Decline,False,False,False,False,True,False,False,False,False,False,False,False,False,True,False,False,False,False,1,0,0,0,0,0,0,0,0,0
Marketing Specialist,Small,High,Low,74977.47886147109,Yes,Decline,False,False,False,True,False,False,False,False,False,False,True,False,False,False,False,False,False,False,0,0,0,0,0,0,0,1,0,0
Product Manager,Medium,Low,Low,66566.60283865419,Yes,Stable,False,False,False,False,False,False,False,True,False,False,False,False,False,False,False,True,False,False,0,0,1,0,0,0,0,0,0,0
AI Researcher,Medium,Low,Low,92840.30824510464,Yes,Decline,False,False,False,False,False,False,False,False,False,False,False,False,False,False,False,False,True,False,0,0,0,0,0,0,0,1,0,0
Marketing Specialist,Medium,High,Low,64200.276483495734,Yes,Decline,False,False,False,False,True,False,False,False,False,True,False,False,False,False,False,False,False,False,0,0,0,0,0,0,1,0,0,0
HR Manager,Medium,Medium,Medium,54010.72137049221,No,Growth,False,False,False,False,False,False,False,False,False,False,False,False,False,False,True,False,False,False,0,0,0,0,1,0,0,0,0,0
Operations Manager,Medium,Medium,Medium,92665.14467722556,No,Stable,False,False,False,False,False,False,True,False,False,False,True,False,False,False,False,False,False,False,0,0,1,0,0,0,0,0,0,0
HR Manager,Large,Low,High,55015.5991397958,Yes,Decline,False,False,False,False,True,False,False,False,False,False,False,False,True,False,False,False,False,False,0,0,0,0,0,0,0,0,1,0
Operations Manager,Small,High,Low,105505.58792590846,Yes,Growth,False,True,False,False,False,False,False,False,False,False,True,False,False,False,False,False,False,False,0,0,0,0,0,0,0,1,0,0
Software Engineer,Large,Medium,High,62093.32547494408,No,Stable,False,False,False,False,False,False,False,True,False,False,True,False,False,False,False,False,False,False,0,0,0,0,0,0,0,0,1,0
Software Engineer,Small,Low,Medium,45186.52427160505,No,Stable,False,False,False,True,False,False,False,False,False,False,False,False,False,False,False,True,False,False,0,0,0,0,0,0,0,1,0,0
Software Engineer,Large,High,Low,84124.06699718411,No,Growth,False,False,False,False,False,False,True,False,False,False,False,True,False,False,False,False,False,False,0,0,0,0,0,0,0,0,1,0
Product Manager,Medium,Medium,Low,92891.89006592968,No,Growth,False,False,False,False,False,False,False,True,False,False,False,False,False,False,False,False,False,True,0,0,0,0,0,0,0,1,0,0
HR Manager,Small,Medium,Medium,99829.50127363882,Yes,Growth,False,True,False,False,False,False,False,False,False,False,False,True,False,False,False,False,False,False,0,0,0,0,0,0,0,0,1,0
Operations Manager,Small,High,Medium,93440.31398031706,No,Growth,False,False,False,False,False,False,False,True,False,False,False,False,False,False,False,False,True,False,0,0,0,0,0,0,1,0,0,0
Marketing Specialist,Large,High,Medium,68813.74757764515,No,Growth,False,True,False,False,False,False,False,False,False,False,False,False,True,False,False,False,False,False,0,0,0,1,0,0,0,0,0,0
Data Scientist,Large,High,Medium,104261.22361853208,Yes,Decline,False,True,False,False,False,False,False,False,False,True,False,False,False,False,False,False,False,False,0,0,1,0,0,0,0,0,0,0
Marketing Specialist,Small,High,Medium,109202.77012959492,No,Decline,False,False,False,False,False,False,False,False,False,False,False,False,False,False,False,False,False,False,1,0,0,0,0,0,0,0,0,0
Data Scientist,Large,Low,Low,65884.75743088922,No,Stable,True,False,False,False,False,False,False,False,False,False,False,False,False,False,False,False,True,False,0,0,0,0,1,0,0,0,0,0
Sales Manager,Large,High,Medium,86379.87722680772,Yes,Decline,False,False,False,False,False,False,True,False,False,False,False,False,False,False,False,False,False,False,0,0,0,0,0,1,0,0,0,0
Marketing Specialist,Large,Medium,Low,84511.1994578196,Yes,Decline,False,False,False,False,False,False,False,True,False,False,False,False,False,False,False,False,False,False,0,1,0,0,0,0,0,0,0,0
AI Researcher,Medium,Medium,Low,94407.63165576068,Yes,Decline,False,False,False,False,False,True,False,False,False,True,False,False,False,False,False,False,False,False,1,0,0,0,0,0,0,0,0,0
AI Researcher,Medium,Low,Medium,85901.52416451782,No,Growth,False,False,False,False,False,False,True,False,False,False,False,False,False,True,False,False,False,False,0,1,0,0,0,0,0,0,0,0
Cybersecurity Analyst,Large,Medium,Medium,88642.44455854046,No,Stable,True,False,False,False,False,False,False,False,False,False,False,True,False,False,False,False,False,False,0,0,1,0,0,0,0,0,0,0
HR Manager,Large,Medium,Low,102836.31060483382,Yes,Stable,False,False,False,False,False,False,True,False,False,False,True,False,False,False,False,False,False,False,1,0,0,0,0,0,0,0,0,0
Data Scientist,Medium,High,Medium,67722.93800797733,Yes,Stable,False,False,True,False,False,False,False,False,False,False,False,False,False,False,True,False,False,False,0,0,0,0,0,0,0,0,1,0
Data Scientist,Medium,Medium,Medium,104747.46270521649,No,Stable,False,False,False,False,False,True,False,False,False,False,False,False,False,False,False,False,False,False,0,0,0,0,0,0,0,0,1,0
HR Manager,Small,Low,Medium,112822.65463062502,Yes,Decline,True,False,False,False,False,False,False,False,False,False,False,False,True,False,False,False,False,False,0,0,0,0,0,1,0,0,0,0
Product Manager,Small,High,High,122682.69986977737,Yes,Decline,False,False,False,False,False,False,False,False,False,False,False,False,False,False,False,False,True,False,0,1,0,0,0,0,0,0,0,0
Cybersecurity Analyst,Medium,High,Low,47132.65351725282,Yes,Growth,False,False,False,False,False,False,False,True,False,False,False,False,False,True,False,False,False,False,0,0,0,0,1,0,0,0,0,0
Product Manager,Large,Low,High,86341.96685769563,No,Stable,False,False,False,False,False,False,False,False,True,False,False,False,False,False,False,False,False,False,0,0,1,0,0,0,0,0,0,0
Product Manager,Large,High,Medium,50697.98851292822,No,Decline,True,False,False,False,False,False,False,False,False,False,False,False,False,True,False,False,False,False,0,0,0,0,0,0,0,0,1,0
Product Manager,Large,High,High,41298.72620454353,No,Decline,False,False,False,True,False,False,False,False,False,False,False,False,False,True,False,False,False,False,0,0,0,1,0,0,0,0,0,0
HR Manager,Large,Low,Medium,92881.86095214955,No,Growth,False,False,False,False,False,False,False,True,False,False,False,False,False,False,False,False,False,False,0,0,0,0,0,0,1,0,0,0
Product Manager,Small,High,High,82016.96414299277,No,Growth,True,False,False,False,False,False,False,False,False,False,False,False,False,False,False,True,False,False,0,0,0,0,0,0,1,0,0,0
AI Researcher,Medium,Low,Medium,95997.01903541492,No,Growth,False,False,True,False,False,False,False,False,False,False,False,False,False,False,False,False,False,True,0,0,0,0,0,0,0,1,0,0
Software Engineer,Large,Low,High,99722.55380174633,Yes,Decline,False,False,False,False,False,False,False,False,True,False,False,False,True,False,False,False,False,False,0,0,0,0,1,0,0,0,0,0
Sales Manager,Small,Medium,High,114957.91916215842,No,Decline,False,False,True,False,False,False,False,False,False,False,True,False,False,False,False,False,False,False,0,0,0,0,0,0,1,0,0,0
Data Scientist,Large,Medium,High,91078.4085061156,No,Growth,False,False,False,False,False,False,False,False,True,False,True,False,False,False,False,False,False,False,0,0,0,0,0,0,0,1,0,0
Data Scientist,Medium,High,Low,148467.11234638176,Yes,Stable,False,False,False,True,False,False,False,False,False,False,False,False,True,False,False,False,False,False,0,1,0,0,0,0,0,0,0,0
Sales Manager,Small,High,High,96128.19709970424,No,Growth,False,False,False,False,False,False,False,True,False,False,False,False,False,False,False,True,False,False,0,0,0,0,0,0,0,0,1,0
HR Manager,Medium,Low,Low,126849.58089134425,No,Growth,False,False,False,False,False,False,False,False,False,False,True,False,False,False,False,False,False,False,0,0,0,0,0,0,0,0,1,0
Marketing Specialist,Medium,High,Medium,43343.24398951503,Yes,Growth,False,False,True,False,False,False,False,False,False,False,False,False,False,True,False,False,False,False,0,0,0,1,0,0,0,0,0,0
HR Manager,Small,Low,High,116994.7905910125,Yes,Growth,False,False,True,False,False,False,False,False,False,True,False,False,False,False,False,False,False,False,1,0,0,0,0,0,0,0,0,0
Data Scientist,Small,Low,Medium,86384.7902040888,Yes,Decline,False,True,False,False,False,False,False,False,False,False,False,False,False,False,False,False,True,False,0,0,0,0,0,0,1,0,0,0
Data Scientist,Small,High,Medium,51033.05481145457,No,Stable,False,False,False,False,False,False,False,False,True,False,False,True,False,False,False,False,False,False,0,1,0,0,0,0,0,0,0,0
Sales Manager,Small,Low,High,98410.9021845624,Yes,Growth,False,False,False,False,True,False,False,False,False,False,True,False,False,False,False,False,False,False,0,0,0,0,0,0,0,0,0,1
Product Manager,Small,Medium,Low,83940.88924031366,No,Stable,False,False,False,False,False,False,False,True,False,False,False,False,True,False,False,False,False,False,0,0,0,0,0,0,1,0,0,0
HR Manager,Small,High,High,101601.06496896283,No,Stable,False,False,False,False,False,False,False,False,True,True,False,False,False,False,False,False,False,False,0,0,0,0,1,0,0,0,0,0
Operations Manager,Small,Medium,Medium,110221.52915102156,No,Stable,False,True,False,False,False,False,False,False,False,False,False,False,False,False,False,False,False,False,1,0,0,0,0,0,0,0,0,0
Sales Manager,Large,High,Medium,60216.99766476808,No,Growth,False,False,False,False,False,False,True,False,False,False,False,False,False,False,False,False,False,True,0,0,0,0,0,0,1,0,0,0
AI Researcher,Medium,Low,High,110298.37964910315,Yes,Decline,False,False,False,False,False,False,False,False,True,False,False,False,True,False,False,False,False,False,0,1,0,0,0,0,0,0,0,0
Data Scientist,Small,High,Low,90129.58968441431,Yes,Growth,False,False,False,False,False,False,False,False,False,False,False,False,False,True,False,False,False,False,0,0,0,0,0,0,1,0,0,0
Sales Manager,Large,Medium,Low,117056.82349386544,No,Stable,False,False,False,False,False,False,False,True,False,False,False,False,False,False,False,False,False,True,0,0,0,0,1,0,0,0,0,0
HR Manager,Large,Low,Medium,85897.03542004264,Yes,Stable,False,True,False,False,False,False,False,False,False,False,False,False,False,False,False,False,True,False,0,0,0,0,0,0,0,0,0,1
Data Scientist,Large,High,Medium,80591.82214937158,No,Decline,False,False,False,False,False,False,True,False,False,False,False,False,False,False,False,False,True,False,0,0,1,0,0,0,0,0,0,0
Marketing Specialist,Medium,High,Low,90541.08081377904,No,Growth,False,False,False,False,False,True,False,False,False,False,False,False,False,False,False,True,False,False,0,0,0,0,0,1,0,0,0,0
Sales Manager,Small,High,High,92037.21412759706,No,Stable,False,True,False,False,False,False,False,False,False,False,False,False,False,False,True,False,False,False,0,0,0,0,0,0,0,0,0,1
Cybersecurity Analyst,Large,Medium,Medium,76744.30397016529,Yes,Decline,False,False,False,False,False,True,False,False,False,False,False,False,False,False,False,True,False,False,0,0,0,0,0,0,0,1,0,0
Data Scientist,Medium,Medium,Low,80073.90538089433,No,Stable,False,False,False,False,False,False,False,True,False,True,False,False,False,False,False,False,False,False,0,0,0,0,0,0,1,0,0,0
HR Manager,Medium,High,Medium,65462.48930972422,No,Decline,False,False,True,False,False,False,False,False,False,False,False,False,False,False,False,False,False,True,0,0,0,0,0,0,0,0,1,0
Software Engineer,Medium,Low,High,81307.09820419611,Yes,Decline,False,True,False,False,False,False,False,False,False,False,False,False,False,False,True,False,False,False,0,0,0,1,0,0,0,0,0,0
Operations Manager,Large,Low,Low,103526.20119995158,Yes,Growth,False,False,False,True,False,False,False,False,False,False,False,False,False,False,False,False,False,False,0,0,0,0,0,0,0,0,1,0
UX Designer,Small,Medium,Medium,87252.91652187712,Yes,Stable,False,False,False,False,False,True,False,False,False,False,False,False,False,True,False,False,False,False,0,0,0,0,0,0,0,0,0,1
Product Manager,Large,Low,High,110181.30592094656,Yes,Growth,False,False,False,False,False,False,False,False,False,False,False,False,False,False,False,False,False,True,0,0,0,0,0,0,0,0,1,0
UX Designer,Large,Medium,Medium,86291.41064693853,No,Stable,False,False,False,True,False,False,False,False,False,False,False,False,False,False,False,True,False,False,0,1,0,0,0,0,0,0,0,0
HR Manager,Small,High,High,61369.64004553371,Yes,Growth,True,False,False,False,False,False,False,False,False,False,False,True,False,False,False,False,False,False,0,0,0,0,0,0,0,0,1,0
AI Researcher,Small,Medium,High,101945.49775113164,No,Stable,True,False,False,False,False,False,False,False,False,False,False,False,False,False,True,False,False,False,1,0,0,0,0,0,0,0,0,0
AI Researcher,Small,Medium,Low,76527.53717933195,Yes,Growth,False,False,False,False,False,False,True,False,False,False,False,False,False,False,True,False,False,False,0,0,1,0,0,0,0,0,0,0
Software Engineer,Medium,High,High,85332.65422472931,Yes,Decline,False,False,True,False,False,False,False,False,False,False,False,False,False,True,False,False,False,False,0,0,0,0,0,0,1,0,0,0
Product Manager,Small,Low,Medium,114751.44094968236,Yes,Stable,False,False,False,False,False,False,False,True,False,False,True,False,False,False,False,False,False,False,0,0,0,0,0,0,0,0,1,0
Cybersecurity Analyst,Large,Medium,High,66782.59080556972,Yes,Stable,False,True,False,False,False,False,False,False,False,False,False,False,False,False,False,False,True,False,0,0,0,0,1,0,0,0,0,0
Software Engineer,Small,Medium,High,93294.8757492877,Yes,Decline,False,False,False,False,True,False,False,False,False,False,False,False,False,False,False,False,True,False,0,0,1,0,0,0,0,0,0,0
UX Designer,Large,High,Low,89189.63299928416,Yes,Growth,False,False,False,False,False,False,False,False,False,False,False,True,False,False,False,False,False,False,0,0,1,0,0,0,0,0,0,0
Software Engineer,Medium,Low,High,104018.51430874206,No,Stable,False,False,False,False,False,True,False,False,False,True,False,False,False,False,False,False,False,False,0,0,0,0,0,0,0,0,1,0
UX Designer,Large,Medium,High,107103.06730964044,Yes,Stable,False,False,False,False,False,False,False,True,False,True,False,False,False,False,False,False,False,False,0,0,1,0,0,0,0,0,0,0
Data Scientist,Large,High,Medium,95276.78008497784,Yes,Growth,False,False,False,True,False,False,False,False,False,False,False,False,False,False,False,False,False,False,0,0,0,1,0,0,0,0,0,0
AI Researcher,Small,Medium,Low,82792.507068392,Yes,Decline,True,False,False,False,False,False,False,False,False,False,False,False,False,False,False,False,False,True,0,0,0,0,0,0,0,0,1,0
Data Scientist,Small,High,Low,99467.4500805192,Yes,Growth,False,False,False,False,False,False,False,False,False,False,False,False,True,False,False,False,False,False,0,1,0,0,0,0,0,0,0,0
Operations Manager,Large,Low,Low,116713.11794289124,No,Growth,False,False,False,False,True,False,False,False,False,False,True,False,False,False,False,False,False,False,0,0,0,0,0,0,0,0,0,1
Product Manager,Small,Low,High,89454.20120720599,Yes,Growth,False,True,False,False,False,False,False,False,False,False,False,False,False,False,False,True,False,False,1,0,0,0,0,0,0,0,0,0
Cybersecurity Analyst,Medium,Low,Low,84654.87771153946,Yes,Stable,False,False,False,False,False,False,True,False,False,False,False,False,True,False,False,False,False,False,0,0,0,0,0,1,0,0,0,0
UX Designer,Medium,Low,High,97763.4051533598,Yes,Decline,False,False,False,False,True,False,False,False,False,False,False,False,True,False,False,False,False,False,0,0,0,0,0,0,0,1,0,0
Cybersecurity Analyst,Small,Medium,High,90774.54040739224,Yes,Decline,False,False,False,False,False,False,False,False,False,False,False,False,False,False,True,False,False,False,0,0,1,0,0,0,0,0,0,0
UX Designer,Medium,Medium,Medium,63245.81152164402,No,Growth,False,False,False,False,True,False,False,False,False,False,False,True,False,False,False,False,False,False,0,1,0,0,0,0,0,0,0,0
HR Manager,Small,Low,Medium,94786.61600794963,Yes,Stable,False,False,False,False,False,False,False,False,False,False,False,False,False,False,False,False,True,False,0,0,0,0,0,0,1,0,0,0
Software Engineer,Large,Low,Medium,63064.75182472472,No,Growth,False,False,False,False,False,False,False,False,False,False,False,False,False,False,False,False,False,False,0,0,0,0,0,0,1,0,0,0
Operations Manager,Large,Low,Medium,97489.6129281689,Yes,Stable,False,False,False,False,False,False,False,False,True,True,False,False,False,False,False,False,False,False,0,0,0,0,0,0,0,1,0,0
AI Researcher,Medium,Medium,Medium,74057.14551186866,No,Stable,False,False,False,False,False,True,False,False,False,False,False,True,False,False,False,False,False,False,1,0,0,0,0,0,0,0,0,0
UX Designer,Small,Low,High,90737.49608372692,No,Stable,True,False,False,False,False,False,False,False,False,False,False,False,False,False,True,False,False,False,0,0,1,0,0,0,0,0,0,0
Cybersecurity Analyst,Small,Low,High,97811.87812398472,Yes,Stable,False,False,False,False,False,False,False,False,True,False,False,False,False,False,False,True,False,False,0,0,0,1,0,0,0,0,0,0
Operations Manager,Medium,Low,Low,139078.06691887142,Yes,Decline,False,True,False,False,False,False,False,False,False,False,False,False,False,False,False,False,False,False,0,0,0,0,0,0,0,1,0,0
Marketing Specialist,Large,High,High,104854.99923573848,No,Stable,False,False,False,False,False,False,False,False,True,False,False,False,False,False,True,False,False,False,1,0,0,0,0,0,0,0,0,0
Marketing Specialist,Medium,Low,High,117295.97619484668,No,Stable,False,False,True,False,False,False,False,False,False,False,False,False,False,False,False,False,True,False,0,0,1,0,0,0,0,0,0,0
Data Scientist,Large,High,Medium,127434.9563738785,Yes,Growth,False,False,True,False,False,False,False,False,False,False,False,False,False,False,False,False,True,False,0,1,0,0,0,0,0,0,0,0
AI Researcher,Small,High,High,99785.1183399889,No,Growth,True,False,False,False,False,False,False,False,False,False,False,False,False,False,False,False,True,False,0,0,0,0,0,0,0,0,0,1
HR Manager,Large,Low,Medium,95713.796005344,No,Decline,False,False,False,False,True,False,False,False,False,False,False,True,False,False,False,False,False,False,0,0,0,1,0,0,0,0,0,0
Cybersecurity Analyst,Medium,High,Low,68665.57782347569,No,Growth,False,False,False,False,False,True,False,False,False,False,False,True,False,False,False,False,False,False,0,0,0,0,0,1,0,0,0,0
Software Engineer,Small,Low,Low,87667.40135199211,Yes,Stable,True,False,False,False,False,False,False,False,False,True,False,False,False,False,False,False,False,False,0,0,0,0,0,0,1,0,0,0
Software Engineer,Medium,Medium,High,75538.24540728275,No,Growth,False,False,False,False,False,False,False,False,False,True,False,False,False,False,False,False,False,False,0,0,0,0,1,0,0,0,0,0
Cybersecurity Analyst,Medium,Medium,Low,81978.82299751228,No,Decline,False,False,False,True,False,False,False,False,False,False,False,False,False,False,False,True,False,False,0,1,0,0,0,0,0,0,0,0
Product Manager,Large,Medium,High,127413.26752384935,No,Growth,False,False,False,False,False,True,False,False,False,False,False,False,False,False,False,False,False,False,0,0,0,0,0,0,1,0,0,0
HR Manager,Medium,Medium,Low,92292.4301839998,Yes,Growth,False,False,False,False,False,True,False,False,False,False,False,False,False,True,False,False,False,False,0,0,0,0,0,0,0,0,1,0
Operations Manager,Large,High,Medium,72482.00844567783,Yes,Decline,False,False,False,False,False,False,False,False,False,False,False,False,False,True,False,False,False,False,0,0,0,0,1,0,0,0,0,0
UX Designer,Small,Low,Medium,117490.66909382609,No,Decline,False,False,False,False,False,False,False,False,False,False,False,False,False,False,True,False,False,False,0,0,0,0,0,0,1,0,0,0
Product Manager,Large,Low,Medium,109105.50952474898,Yes,Stable,False,False,False,False,False,False,True,False,False,False,False,False,False,False,False,False,True,False,1,0,0,0,0,0,0,0,0,0
UX Designer,Small,Low,Medium,110153.06985200792,No,Growth,True,False,False,False,False,False,False,False,False,False,False,False,False,False,False,False,False,False,0,0,0,1,0,0,0,0,0,0
UX Designer,Large,Medium,High,49877.395937952104,Yes,Stable,False,False,False,False,False,False,False,False,False,False,False,False,True,False,False,False,False,False,0,0,0,0,0,0,1,0,0,0
Product Manager,Medium,Medium,Low,128973.41915442972,Yes,Growth,False,False,True,False,False,False,False,False,False,False,False,True,False,False,False,False,False,False,0,0,0,0,0,1,0,0,0,0
Data Scientist,Large,Low,High,78829.70515812226,No,Growth,False,True,False,False,False,False,False,False,False,False,False,False,False,False,False,False,False,True,0,0,0,0,0,0,0,0,0,1
Marketing Specialist,Large,Medium,Medium,105559.0954558551,Yes,Stable,False,False,False,True,False,False,False,False,False,False,True,False,False,False,False,False,False,False,1,0,0,0,0,0,0,0,0,0
UX Designer,Small,Low,High,140475.99581234064,Yes,Growth,True,False,False,False,False,False,False,False,False,False,False,False,False,False,False,True,False,False,0,1,0,0,0,0,0,0,0,0
Product Manager,Medium,Low,Low,133106.65496381235,Yes,Growth,False,False,False,False,False,False,False,True,False,False,False,False,False,False,False,False,True,False,0,1,0,0,0,0,0,0,0,0
Product Manager,Large,Low,High,70448.75749054627,No,Growth,False,False,True,False,False,False,False,False,False,False,False,False,False,False,False,False,True,False,0,1,0,0,0,0,0,0,0,0
Sales Manager,Medium,Low,Low,61109.65325995454,Yes,Decline,False,False,False,False,True,False,False,False,False,False,False,False,False,False,False,False,True,False,0,1,0,0,0,0,0,0,0,0
Data Scientist,Large,Low,High,118606.93197695856,Yes,Stable,False,False,False,False,False,False,False,False,False,False,False,True,False,False,False,False,False,False,0,0,0,0,0,0,0,0,0,1
AI Researcher,Large,Low,Low,92841.11623188,No,Decline,False,False,False,False,False,False,False,True,False,False,False,True,False,False,False,False,False,False,0,0,0,0,0,0,1,0,0,0
Sales Manager,Medium,Low,Low,79982.3711739584,Yes,Stable,False,False,False,False,False,False,False,False,False,False,True,False,False,False,False,False,False,False,0,0,1,0,0,0,0,0,0,0
Sales Manager,Large,Medium,Medium,102424.37093878096,Yes,Stable,False,False,False,False,False,True,False,False,False,False,False,False,True,False,False,False,False,False,0,0,0,0,0,0,1,0,0,0
Cybersecurity Analyst,Medium,Low,Low,86742.40845081118,Yes,Growth,False,False,True,False,False,False,False,False,False,False,False,False,False,False,False,False,False,False,0,0,0,0,0,0,0,0,1,0
Marketing Specialist,Large,Low,Medium,104026.48274097488,Yes,Stable,False,False,False,False,False,True,False,False,False,False,False,False,False,False,False,False,True,False,0,0,0,1,0,0,0,0,0,0
Product Manager,Small,Medium,Medium,91339.63615637466,Yes,Decline,False,False,False,False,False,False,True,False,False,False,False,False,False,True,False,False,False,False,0,0,0,0,1,0,0,0,0,0
Marketing Specialist,Medium,Medium,Medium,104447.75856656334,No,Decline,False,False,False,False,False,True,False,False,False,True,False,False,False,False,False,False,False,False,0,0,1,0,0,0,0,0,0,0
HR Manager,Large,Medium,High,72109.34621727222,No,Decline,False,False,False,False,False,False,True,False,False,False,False,False,False,True,False,False,False,False,0,0,1,0,0,0,0,0,0,0
Cybersecurity Analyst,Large,Low,High,118489.24026265267,Yes,Stable,False,False,False,False,False,False,True,False,False,False,False,False,False,False,True,False,False,False,0,0,0,0,0,0,1,0,0,0
AI Researcher,Small,High,High,103952.46741464877,Yes,Decline,False,False,False,False,False,False,False,True,False,False,False,False,False,True,False,False,False,False,0,0,1,0,0,0,0,0,0,0
Marketing Specialist,Medium,High,High,102925.94738807144,Yes,Stable,False,False,False,False,False,False,False,False,False,False,False,False,False,False,True,False,False,False,0,0,0,0,0,0,0,1,0,0
Software Engineer,Large,Medium,Low,67646.60145976013,No,Decline,False,False,False,False,True,False,False,False,False,False,False,False,False,False,False,False,False,True,0,0,0,0,0,0,0,1,0,0
UX Designer,Small,High,Low,123992.64833288494,No,Decline,False,False,False,False,False,True,False,False,False,True,False,False,False,False,False,False,False,False,0,0,0,0,0,0,0,0,1,0
HR Manager,Large,Medium,High,89725.67801267463,Yes,Stable,False,False,True,False,False,False,False,False,False,False,False,False,False,True,False,False,False,False,0,0,0,0,1,0,0,0,0,0
Data Scientist,Medium,Low,Low,104560.97724859684,Yes,Decline,False,False,False,False,False,False,True,False,False,False,False,False,False,False,False,False,False,True,0,0,0,0,0,1,0,0,0,0
AI Researcher,Large,High,Low,83543.51072506783,No,Growth,False,False,False,False,False,False,False,False,False,False,False,False,False,False,False,True,False,False,0,0,0,0,0,0,0,0,0,1
HR Manager,Large,Low,Medium,95217.78129364197,Yes,Stable,False,False,False,True,False,False,False,False,False,False,False,False,False,False,False,False,False,False,0,0,0,0,0,0,1,0,0,0
UX Designer,Large,High,Medium,95942.54704238808,No,Stable,True,False,False,False,False,False,False,False,False,False,False,False,False,False,False,False,False,True,0,0,0,0,0,0,0,0,0,1
Cybersecurity Analyst,Large,Low,Medium,33601.38135993158,No,Stable,False,False,False,False,False,False,False,True,False,False,False,False,False,False,False,False,False,False,0,0,0,0,0,1,0,0,0,0
UX Designer,Small,High,Medium,101648.96249309662,Yes,Growth,False,False,False,False,True,False,False,False,False,False,False,False,False,True,False,False,False,False,0,0,0,0,0,0,1,0,0,0
Sales Manager,Small,Low,Low,129306.82923444168,No,Stable,False,False,False,False,False,False,False,False,True,False,False,False,True,False,False,False,False,False,0,0,0,0,0,0,1,0,0,0
UX Designer,Medium,Low,High,100795.60517983914,Yes,Decline,False,False,False,False,False,False,False,True,False,False,False,False,False,False,False,False,False,True,0,0,0,0,1,0,0,0,0,0
Sales Manager,Small,High,Low,70845.83502220524,Yes,Decline,False,False,False,True,False,False,False,False,False,True,False,False,False,False,False,False,False,False,0,0,0,0,0,0,0,0,0,1
Cybersecurity Analyst,Small,Low,Low,102999.23132307774,Yes,Decline,True,False,False,False,False,False,False,False,False,False,False,False,False,True,False,False,False,False,0,0,0,0,0,0,0,1,0,0
Operations Manager,Medium,Low,Low,111189.61060346678,Yes,Stable,False,False,False,True,False,False,False,False,False,False,False,False,False,False,False,False,True,False,0,1,0,0,0,0,0,0,0,0
Sales Manager,Small,Low,Medium,100249.33032380774,Yes,Decline,False,False,False,False,False,True,False,False,False,False,False,True,False,False,False,False,False,False,0,0,0,0,0,0,0,0,0,1
Data Scientist,Small,High,Medium,88517.45787139912,Yes,Stable,False,False,False,False,False,False,True,False,False,False,False,False,False,False,False,False,False,True,0,0,0,1,0,0,0,0,0,0
UX Designer,Medium,High,Medium,85157.01548352139,No,Decline,False,False,False,False,True,False,False,False,False,True,False,False,False,False,False,False,False,False,0,0,0,1,0,0,0,0,0,0
UX Designer,Medium,Low,High,85073.80489266386,No,Growth,False,True,False,False,False,False,False,False,False,False,False,False,False,False,False,True,False,False,0,0,0,0,0,0,1,0,0,0
Data Scientist,Medium,Low,Low,103955.53802022424,No,Growth,False,False,False,False,False,False,True,False,False,False,False,False,False,False,False,False,True,False,0,1,0,0,0,0,0,0,0,0
Software Engineer,Large,High,High,61857.52009880744,No,Growth,False,True,False,False,False,False,False,False,False,False,False,False,False,False,False,True,False,False,1,0,0,0,0,0,0,0,0,0
Product Manager,Large,High,Medium,82562.53678289187,Yes,Growth,True,False,False,False,False,False,False,False,False,False,False,False,False,True,False,False,False,False,0,0,0,0,0,1,0,0,0,0
Operations Manager,Medium,Low,High,121912.19646021895,No,Stable,False,False,False,False,False,False,False,False,False,False,False,True,False,False,False,False,False,False,0,0,0,0,0,0,0,0,1,0
AI Researcher,Medium,Low,Low,122683.90533154352,No,Decline,False,False,False,False,False,False,False,False,True,False,False,False,False,False,False,False,False,True,0,1,0,0,0,0,0,0,0,0
Sales Manager,Medium,Low,Low,60437.05824396676,No,Growth,False,False,True,False,False,False,False,False,False,False,False,False,False,False,False,False,False,True,0,0,0,0,0,0,0,0,1,0
Data Scientist,Large,Medium,Medium,67371.72777472783,Yes,Stable,False,False,False,False,False,False,True,False,False,False,False,False,True,False,False,False,False,False,0,0,0,0,0,0,0,0,0,1
Cybersecurity Analyst,Large,High,Medium,84587.58840944126,No,Growth,False,False,False,False,True,False,False,False,False,False,False,False,True,False,False,False,False,False,0,0,0,0,0,0,0,0,0,1
Sales Manager,Small,Medium,High,107851.79034228704,Yes,Growth,False,False,False,True,False,False,False,False,False,False,False,False,False,True,False,False,False,False,0,0,0,0,0,0,0,0,1,0
Product Manager,Small,High,Medium,53450.51291894019,No,Stable,False,False,False,False,True,False,False,False,False,False,False,False,False,True,False,False,False,False,0,0,0,0,0,1,0,0,0,0
Cybersecurity Analyst,Medium,High,Medium,88903.82730165044,Yes,Stable,True,False,False,False,False,False,False,False,False,False,False,True,False,False,False,False,False,False,0,1,0,0,0,0,0,0,0,0
HR Manager,Large,High,Low,80516.4168684071,Yes,Decline,False,True,False,False,False,False,False,False,False,False,False,False,True,False,False,False,False,False,1,0,0,0,0,0,0,0,0,0
UX Designer,Large,High,Medium,116519.29348570466,No,Decline,False,False,False,True,False,False,False,False,False,True,False,False,False,False,False,False,False,False,0,0,0,0,0,0,1,0,0,0
HR Manager,Large,High,Medium,56461.83052061491,Yes,Growth,False,False,True,False,False,False,False,False,False,True,False,False,False,False,False,False,False,False,0,0,0,0,1,0,0,0,0,0
Sales Manager,Medium,High,Low,91850.81230987245,Yes,Growth,False,False,True,False,False,False,False,False,False,False,False,True,False,False,False,False,False,False,0,0,0,0,0,0,0,0,0,1
Product Manager,Small,High,Low,82127.81125302812,No,Decline,False,False,False,False,False,False,True,False,False,True,False,False,False,False,False,False,False,False,0,0,0,1,0,0,0,0,0,0
Operations Manager,Medium,Medium,High,119395.97852554575,No,Decline,True,False,False,False,False,False,False,False,False,False,False,False,False,False,True,False,False,False,0,0,0,0,0,1,0,0,0,0
Sales Manager,Small,Low,Medium,101953.052927065,No,Stable,False,False,False,False,False,False,False,False,False,False,False,False,False,False,False,False,False,False,0,0,0,0,1,0,0,0,0,0
Data Scientist,Small,Low,Low,78283.6868148453,Yes,Decline,True,False,False,False,False,False,False,False,False,False,False,True,False,False,False,False,False,False,1,0,0,0,0,0,0,0,0,0
Marketing Specialist,Medium,Medium,High,107067.72886658164,Yes,Decline,False,True,False,False,False,False,False,False,False,False,False,True,False,False,False,False,False,False,0,0,1,0,0,0,0,0,0,0
Sales Manager,Small,Medium,High,82223.42293382852,Yes,Growth,False,False,False,False,True,False,False,False,False,False,True,False,False,False,False,False,False,False,0,0,0,0,0,0,1,0,0,0
UX Designer,Small,Medium,Medium,109986.59422479507,No,Decline,False,False,True,False,False,False,False,False,False,False,False,False,False,False,False,False,True,False,0,0,0,0,0,0,0,0,0,1
UX Designer,Large,Medium,Medium,85258.46018228843,Yes,Growth,False,False,False,False,True,False,False,False,False,False,False,False,False,False,False,False,True,False,0,0,0,0,0,0,1,0,0,0
Sales Manager,Small,High,High,111093.33157537528,Yes,Decline,False,False,False,False,True,False,False,False,False,False,False,False,False,False,True,False,False,False,0,0,0,0,1,0,0,0,0,0
Cybersecurity Analyst,Medium,Low,Low,98721.639102545,Yes,Stable,False,False,False,False,True,False,False,False,False,False,False,False,True,False,False,False,False,False,0,0,0,0,0,0,1,0,0,0
Marketing Specialist,Medium,High,High,155209.82161382848,Yes,Decline,False,False,True,False,False,False,False,False,False,False,False,False,False,True,False,False,False,False,0,0,1,0,0,0,0,0,0,0
Data Scientist,Small,Low,Medium,88942.07989167991,Yes,Decline,False,False,False,False,False,False,False,True,False,False,False,False,False,True,False,False,False,False,0,0,0,0,1,0,0,0,0,0
Sales Manager,Large,Low,Low,97657.24583242898,Yes,Decline,False,False,False,False,False,True,False,False,False,False,False,False,False,False,False,True,False,False,0,0,0,0,0,0,0,0,0,1
Cybersecurity Analyst,Large,Medium,Low,80411.50516568137,Yes,Growth,False,True,False,False,False,False,False,False,False,False,False,False,False,False,True,False,False,False,0,1,0,0,0,0,0,0,0,0
UX Designer,Small,High,High,90053.70681509557,No,Stable,False,False,False,False,False,False,False,True,False,False,False,True,False,False,False,False,False,False,0,0,0,1,0,0,0,0,0,0
UX Designer,Small,Medium,Medium,35963.29731701118,No,Decline,False,True,False,False,False,False,False,False,False,False,False,False,False,False,True,False,False,False,0,0,0,0,1,0,0,0,0,0
Product Manager,Medium,High,High,99311.68033082064,No,Growth,False,False,False,True,False,False,False,False,False,False,False,False,False,False,True,False,False,False,0,0,0,0,0,0,0,1,0,0
Sales Manager,Small,Low,High,116857.48425898825,Yes,Stable,True,False,False,False,False,False,False,False,False,False,False,False,False,False,True,False,False,False,0,0,1,0,0,0,0,0,0,0
Marketing Specialist,Large,Medium,High,97932.60009198709,Yes,Growth,True,False,False,False,False,False,False,False,False,False,False,False,False,False,False,False,True,False,0,0,0,0,1,0,0,0,0,0
Software Engineer,Small,Medium,Low,63722.77084045245,No,Growth,False,False,False,False,False,False,False,False,True,False,False,False,False,False,True,False,False,False,0,0,0,0,1,0,0,0,0,0
Marketing Specialist,Medium,Low,Low,73964.25694581997,Yes,Stable,True,False,False,False,False,False,False,False,False,False,False,False,False,False,False,False,False,False,0,0,0,0,0,0,0,1,0,0
UX Designer,Medium,Low,Medium,41396.15745687459,No,Decline,False,False,True,False,False,False,False,False,False,False,False,False,False,True,False,False,False,False,0,0,0,0,0,0,0,0,0,1
UX Designer,Medium,Low,Medium,109578.48013730848,Yes,Growth,False,False,False,False,False,False,False,False,False,False,False,False,False,False,False,True,False,False,0,0,0,0,1,0,0,0,0,0
HR Manager,Medium,Medium,High,69869.7341458084,Yes,Growth,False,False,False,False,False,False,True,False,False,False,False,False,False,False,False,False,False,False,0,0,0,1,0,0,0,0,0,0
UX Designer,Medium,High,High,89425.82819575544,No,Decline,False,False,False,False,False,False,False,False,True,False,False,False,False,False,False,True,False,False,0,0,0,0,0,0,1,0,0,0
Data Scientist,Small,Medium,High,86925.2485534556,No,Decline,False,False,False,False,False,False,True,False,False,False,True,False,False,False,False,False,False,False,0,0,0,0,0,0,0,0,0,1
AI Researcher,Small,High,Medium,119754.54071316532,No,Stable,False,True,False,False,False,False,False,False,False,False,False,False,False,False,False,True,False,False,0,0,0,1,0,0,0,0,0,0
Sales Manager,Small,Medium,Low,91705.62635931476,No,Stable,False,False,False,False,False,False,True,False,False,False,False,False,False,True,False,False,False,False,0,0,0,0,0,0,0,0,0,1
Marketing Specialist,Small,Medium,Low,106177.8584021202,No,Stable,False,False,False,False,False,False,True,False,False,False,False,False,False,True,False,False,False,False,0,0,0,1,0,0,0,0,0,0
AI Researcher,Medium,Low,High,100929.27528295324,Yes,Decline,False,False,False,False,False,False,False,False,True,False,False,False,False,False,True,False,False,False,0,0,1,0,0,0,0,0,0,0
Cybersecurity Analyst,Large,High,High,117188.22839922798,Yes,Growth,False,False,False,True,False,False,False,False,False,False,False,False,False,False,False,False,False,True,0,0,0,1,0,0,0,0,0,0
Software Engineer,Small,Medium,High,85217.52610994082,Yes,Growth,False,False,False,False,True,False,False,False,False,False,True,False,False,False,False,False,False,False,0,0,0,0,0,0,0,0,1,0
Data Scientist,Large,Medium,High,127392.30661009034,No,Stable,True,False,False,False,False,False,False,False,False,False,False,True,False,False,False,False,False,False,0,0,0,1,0,0,0,0,0,0
Marketing Specialist,Small,Low,Medium,50286.7568720137,No,Decline,True,False,False,False,False,False,False,False,False,True,False,False,False,False,False,False,False,False,0,1,0,0,0,0,0,0,0,0
AI Researcher,Small,Low,Low,107149.46996002473,No,Growth,False,False,True,False,False,False,False,False,False,False,False,False,False,False,False,True,False,False,0,1,0,0,0,0,0,0,0,0
Software Engineer,Large,High,High,72667.60782671736,No,Stable,False,False,False,False,False,False,False,False,True,False,False,False,False,False,False,False,False,True,0,0,0,0,0,1,0,0,0,0
HR Manager,Medium,Medium,Medium,80145.00894440095,No,Growth,False,False,True,False,False,False,False,False,False,False,False,False,False,False,True,False,False,False,0,0,0,0,0,0,0,0,1,0
Data Scientist,Small,High,High,101388.28533802072,No,Growth,False,False,False,False,False,False,False,False,False,False,False,False,False,False,False,False,True,False,0,0,0,0,0,0,0,0,1,0
Data Scientist,Small,Medium,High,101228.04099695486,Yes,Decline,False,False,False,False,False,False,False,False,False,False,False,True,False,False,False,False,False,False,0,0,0,0,0,0,1,0,0,0
HR Manager,Small,High,Low,102128.56027380144,Yes,Decline,False,False,True,False,False,False,False,False,False,False,False,False,True,False,False,False,False,False,0,0,0,0,0,0,0,0,1,0
Sales Manager,Large,Low,High,62276.84111789524,Yes,Growth,False,False,False,False,False,False,False,False,True,False,False,False,False,False,False,False,False,True,0,0,0,0,0,0,1,0,0,0
HR Manager,Medium,Medium,Low,118980.6046255848,Yes,Stable,False,False,True,False,False,False,False,False,False,False,False,False,False,False,False,False,True,False,0,0,0,0,0,1,0,0,0,0
Data Scientist,Large,High,Low,71987.05763544649,Yes,Decline,True,False,False,False,False,False,False,False,False,False,True,False,False,False,False,False,False,False,0,0,0,0,0,1,0,0,0,0
Data Scientist,Large,Low,Low,74654.25819549602,No,Growth,False,False,False,False,False,False,False,True,False,False,False,False,False,False,True,False,False,False,0,0,1,0,0,0,0,0,0,0
AI Researcher,Medium,Low,Medium,102757.93476333655,No,Decline,False,False,False,False,False,True,False,False,False,False,False,True,False,False,False,False,False,False,0,1,0,0,0,0,0,0,0,0
UX Designer,Large,High,Medium,84265.57650477519,No,Decline,False,False,False,False,False,False,True,False,False,False,False,True,False,False,False,False,False,False,0,0,0,1,0,0,0,0,0,0
Software Engineer,Medium,Medium,Low,96165.21681124983,No,Decline,False,False,False,False,False,True,False,False,False,False,False,True,False,False,False,False,False,False,0,0,0,1,0,0,0,0,0,0
HR Manager,Small,Medium,High,46867.98606734424,No,Growth,False,False,False,False,False,False,False,False,True,False,True,False,False,False,False,False,False,False,0,0,0,0,0,0,0,1,0,0
Software Engineer,Medium,Low,Low,95686.48899038463,No,Stable,False,False,False,False,False,True,False,False,False,False,False,False,False,False,False,True,False,False,0,0,0,0,0,0,0,1,0,0
HR Manager,Small,Medium,High,94356.6375902443,Yes,Stable,False,False,False,False,False,False,False,False,False,False,False,False,True,False,False,False,False,False,1,0,0,0,0,0,0,0,0,0
Cybersecurity Analyst,Large,Medium,Low,79802.82924471433,No,Stable,False,True,False,False,False,False,False,False,False,False,True,False,False,False,False,False,False,False,0,0,0,0,0,0,0,0,0,1
Data Scientist,Large,Medium,High,48518.48080470421,No,Decline,False,False,False,False,False,False,True,False,False,True,False,False,False,False,False,False,False,False,0,0,1,0,0,0,0,0,0,0
UX Designer,Small,Low,Medium,85743.8347703679,No,Growth,False,False,False,False,True,False,False,False,False,False,False,False,True,False,False,False,False,False,1,0,0,0,0,0,0,0,0,0
AI Researcher,Large,High,High,89252.52280402774,No,Decline,False,False,False,False,False,False,False,False,True,False,False,False,False,True,False,False,False,False,1,0,0,0,0,0,0,0,0,0
UX Designer,Medium,Medium,Low,82655.4201933901,Yes,Stable,False,False,False,False,False,False,True,False,False,False,False,False,False,False,True,False,False,False,0,0,0,0,1,0,0,0,0,0
UX Designer,Small,Low,Medium,53276.51071135004,Yes,Stable,False,False,False,False,False,True,False,False,False,False,True,False,False,False,False,False,False,False,0,0,0,0,1,0,0,0,0,0
UX Designer,Large,Low,High,121894.68014633832,No,Growth,False,False,False,False,False,False,False,False,False,False,False,False,False,False,False,False,True,False,1,0,0,0,0,0,0,0,0,0
Software Engineer,Small,High,High,77222.76944111254,Yes,Decline,False,False,False,True,False,False,False,False,False,False,False,False,True,False,False,False,False,False,0,0,0,0,0,0,0,0,1,0
HR Manager,Medium,Medium,High,85555.90674154198,Yes,Stable,False,False,False,False,False,False,False,True,False,True,False,False,False,False,False,False,False,False,0,0,0,0,0,0,0,0,0,1
Operations Manager,Medium,Medium,High,41810.51357563419,No,Growth,False,False,False,False,True,False,False,False,False,False,False,False,False,True,False,False,False,False,0,0,1,0,0,0,0,0,0,0
Cybersecurity Analyst,Large,High,High,121897.10697396414,No,Decline,False,False,False,False,False,False,False,True,False,False,False,False,False,False,False,True,False,False,1,0,0,0,0,0,0,0,0,0
Marketing Specialist,Medium,High,Medium,80669.00136531888,No,Decline,False,False,False,False,False,False,True,False,False,False,False,False,False,False,False,False,True,False,0,0,0,1,0,0,0,0,0,0
UX Designer,Small,Low,Medium,91969.25634148406,No,Stable,False,False,False,False,False,False,False,False,False,False,False,False,True,False,False,False,False,False,0,0,0,0,0,0,0,0,0,1
Sales Manager,Medium,Low,Medium,112414.74889633304,No,Stable,False,False,False,False,False,False,False,False,False,False,False,False,False,False,True,False,False,False,0,0,0,0,1,0,0,0,0,0
Software Engineer,Small,High,Medium,76473.91590566748,Yes,Decline,False,False,False,False,False,True,False,False,False,False,False,False,False,False,False,False,True,False,0,0,0,1,0,0,0,0,0,0
AI Researcher,Small,Medium,Low,109264.89974773087,No,Decline,True,False,False,False,False,False,False,False,False,False,False,False,False,True,False,False,False,False,0,0,0,0,1,0,0,0,0,0
Marketing Specialist,Medium,Low,Medium,48773.49088117717,No,Stable,False,False,False,False,False,True,False,False,False,False,False,False,False,False,False,False,True,False,0,0,0,0,1,0,0,0,0,0
Operations Manager,Large,Low,High,101019.73315142626,No,Decline,True,False,False,False,False,False,False,False,False,False,False,False,False,False,False,False,False,False,0,0,0,0,0,0,0,0,0,1
Sales Manager,Medium,Medium,High,121444.84333039304,Yes,Stable,True,False,False,False,False,False,False,False,False,False,False,False,False,False,False,False,False,True,0,0,0,0,1,0,0,0,0,0
Operations Manager,Small,Low,Medium,78391.66305563941,No,Decline,False,False,False,False,True,False,False,False,False,False,False,False,False,False,False,True,False,False,0,0,0,0,0,1,0,0,0,0
Marketing Specialist,Small,Medium,High,112377.63240596798,No,Stable,False,False,False,False,False,True,False,False,False,False,False,False,False,True,False,False,False,False,0,1,0,0,0,0,0,0,0,0
UX Designer,Medium,Medium,Medium,126678.45304387566,No,Growth,False,False,False,True,False,False,False,False,False,False,False,False,False,False,False,False,True,False,0,0,0,0,0,1,0,0,0,0
Sales Manager,Large,Medium,High,84903.16323891962,Yes,Stable,False,False,True,False,False,False,False,False,False,False,False,False,False,False,False,False,False,True,0,1,0,0,0,0,0,0,0,0
Operations Manager,Large,High,Low,83249.43428300279,No,Stable,False,False,True,False,False,False,False,False,False,False,False,False,False,False,False,False,False,True,0,0,0,0,0,0,0,1,0,0
AI Researcher,Small,High,Low,72034.12508335392,No,Growth,False,False,False,False,False,True,False,False,False,False,False,False,False,False,False,False,True,False,0,0,0,0,0,0,0,1,0,0
HR Manager,Small,High,Medium,79805.39689629733,No,Decline,False,False,False,False,False,True,False,False,False,False,False,False,False,False,True,False,False,False,0,0,0,0,1,0,0,0,0,0
Data Scientist,Large,Medium,Medium,73692.80219454759,Yes,Growth,False,False,False,False,False,False,False,True,False,False,False,False,False,False,False,False,False,False,0,0,1,0,0,0,0,0,0,0
HR Manager,Medium,Medium,Medium,72017.77803145545,No,Stable,False,False,False,False,True,False,False,False,False,False,True,False,False,False,False,False,False,False,0,0,1,0,0,0,0,0,0,0
Marketing Specialist,Small,High,High,113976.70593422712,No,Decline,False,False,False,False,False,True,False,False,False,False,False,False,False,False,False,False,False,False,0,1,0,0,0,0,0,0,0,0
Software Engineer,Small,Low,Medium,74201.47949423481,No,Growth,False,False,False,False,False,False,False,True,False,False,False,False,False,False,False,False,True,False,0,0,0,1,0,0,0,0,0,0
Data Scientist,Large,Medium,Low,95170.43829439246,Yes,Decline,True,False,False,False,False,False,False,False,False,False,False,False,False,False,False,True,False,False,0,0,0,0,0,0,0,0,0,1
Cybersecurity Analyst,Medium,Low,High,90764.66870432477,No,Decline,False,False,False,False,False,False,False,False,False,False,True,False,False,False,False,False,False,False,0,0,0,0,1,0,0,0,0,0
AI Researcher,Large,Low,Medium,119961.89125142244,No,Growth,False,False,False,False,False,False,False,False,False,False,False,False,False,True,False,False,False,False,0,0,0,0,0,0,0,0,0,1
Cybersecurity Analyst,Medium,Medium,High,79936.87535889974,No,Decline,True,False,False,False,False,False,False,False,False,False,False,False,False,False,False,False,False,False,0,0,0,0,0,1,0,0,0,0
Sales Manager,Medium,Medium,High,97622.96093308643,Yes,Growth,False,False,False,False,False,False,False,False,True,False,False,False,False,False,False,False,True,False,0,0,1,0,0,0,0,0,0,0
Data Scientist,Medium,Low,Medium,105821.3940455222,Yes,Stable,False,False,False,False,False,False,False,True,False,False,False,False,False,False,False,False,False,False,0,0,0,0,0,0,0,0,1,0
Cybersecurity Analyst,Small,Low,High,119794.99214641162,No,Decline,False,False,False,False,False,False,False,True,False,False,True,False,False,False,False,False,False,False,0,0,0,0,0,1,0,0,0,0
Cybersecurity Analyst,Large,High,Low,79644.93309909466,Yes,Stable,True,False,False,False,False,False,False,False,False,True,False,False,False,False,False,False,False,False,0,0,0,0,0,1,0,0,0,0
Operations Manager,Large,High,Low,77642.1506253524,Yes,Stable,False,False,False,True,False,False,False,False,False,False,False,False,True,False,False,False,False,False,0,1,0,0,0,0,0,0,0,0
HR Manager,Medium,Medium,High,68764.37892079895,Yes,Decline,False,True,False,False,False,False,False,False,False,False,False,False,False,False,False,False,False,False,0,0,0,0,0,0,1,0,0,0
