company_size,ai_adoption_level,automation_risk,remote_friendly,industry_Energy,industry_Entertainment,industry_Finance,industry_Healthcare,industry_Manufacturing,industry_Retail,industry_Technology,industry_Telecommunications,industry_Transportation,location_Dubai,location_London,location_New York,location_Paris,location_San Francisco,location_Singapore,location_Sydney,location_Tokyo,location_Toronto,skill_javascript,skill_python,skill_sales,skill_marketing,skill_data_analysis,skill_ux/ui_design,skill_project_management,skill_communication,skill_machine_learning,skill_cybersecurity,actual_salary,predicted_salary
0,0,2,1,True,False,False,False,False,False,False,False,False,False,False,False,False,False,False,True,False,False,0,1,0,0,0,0,0,0,0,0,140475.99581234064,94404.65049425552
1,2,2,1,True,False,False,False,False,False,False,False,False,False,True,False,False,False,False,False,False,False,0,0,0,0,1,0,0,0,0,0,75497.33812967277,86896.79366521133
2,0,2,1,False,False,False,False,False,False,True,False,False,False,False,False,False,False,True,False,False,False,0,0,0,0,0,0,1,0,0,0,118489.24026265267,94967.02774534521
1,2,0,1,False,False,False,False,True,False,False,False,False,False,False,False,False,False,False,False,False,False,0,1,0,0,0,0,0,0,0,0,70100.00213579283,86571.58842315021
2,0,1,0,False,False,False,False,False,False,False,False,True,False,False,False,False,False,False,False,False,True,0,1,0,0,0,0,0,0,0,0,105366.85898972292,88693.14220079016
1,0,2,0,False,True,False,False,False,False,False,False,False,False,False,False,False,False,False,True,False,False,0,0,0,0,0,0,1,0,0,0,85073.80489266386,94743.14437594124
2,1,0,0,False,False,False,False,True,False,False,False,False,False,False,False,False,False,False,False,False,True,0,0,0,0,0,0,0,1,0,0,67646.60145976013,82049.44504129756
1,1,0,0,False,False,False,False,False,False,True,False,False,False,False,False,False,False,False,True,False,False,0,0,0,0,0,1,0,0,0,0,110711.66575245943,84490.56284495328
0,1,1,1,False,False,False,False,False,False,False,False,True,True,False,False,False,False,False,False,False,False,0,0,1,0,0,0,0,0,0,0,86165.88172205727,88633.88754234585
2,0,2,1,False,False,False,False,False,False,False,False,True,False,False,False,False,False,False,False,False,True,0,0,0,0,0,0,1,0,0,0,62276.84111789524,89693.30647074121
1,2,0,1,False,True,False,False,False,False,False,False,False,False,False,False,False,False,True,False,False,False,0,0,0,0,0,0,0,0,0,1,96834.57829480869,91877.09088128795
2,1,1,1,False,False,False,False,False,False,True,False,False,False,False,True,False,False,False,False,False,False,0,0,0,0,0,1,0,0,0,0,98828.42998981853,93086.8603806342
2,2,0,1,False,True,False,False,False,False,False,False,False,False,False,False,True,False,False,False,False,False,1,0,0,0,0,0,0,0,0,0,80516.4168684071,95680.16333337495
0,2,1,0,False,False,False,False,True,False,False,False,False,False,False,False,False,False,False,False,False,False,0,1,0,0,0,0,0,0,0,0,115238.6775346307,87736.45972849849
0,1,1,1,False,False,False,False,False,False,True,False,False,False,False,False,False,True,False,False,False,False,0,0,0,0,1,0,0,0,0,0,91339.63615637466,86484.57949635801
0,2,0,1,False,False,False,True,False,False,False,False,False,True,False,False,False,False,False,False,False,False,0,0,0,0,0,0,0,0,0,1,70845.83502220524,88363.03898068723
1,0,1,1,False,False,False,False,False,False,False,True,False,False,False,False,False,False,False,False,False,False,0,0,0,0,0,0,0,0,1,0,105821.3940455222,91641.86792923005
1,2,1,1,False,False,False,False,False,False,False,False,True,True,False,False,False,False,False,False,False,False,0,0,0,0,0,0,1,0,0,0,46705.714993791786,85224.06920692621
0,2,2,1,True,False,False,False,False,False,False,False,False,False,False,True,False,False,False,False,False,False,0,0,0,0,0,0,0,0,1,0,61369.64004553371,94671.11488841302
2,2,1,1,False,False,True,False,False,False,False,False,False,True,False,False,False,False,False,False,False,False,0,0,0,0,1,0,0,0,0,0,56461.83052061491,90057.86740773627
2,1,0,1,True,False,False,False,False,False,False,False,False,False,False,False,False,False,False,True,False,False,0,0,0,0,0,0,0,0,0,1,95170.43829439246,89020.83037468033
1,0,2,0,False,False,False,False,False,False,False,False,False,False,True,False,False,False,False,False,False,False,0,0,0,0,1,0,0,0,0,0,90764.66870432477,92194.20802264549
2,0,2,0,False,False,False,False,False,False,False,False,True,False,False,False,False,False,False,False,False,False,0,0,1,0,0,0,0,0,0,0,86341.96685769563,93402.78069188577
0,0,1,0,True,False,False,False,False,False,False,False,False,False,False,False,False,False,False,False,False,False,0,0,0,1,0,0,0,0,0,0,110153.06985200792,88707.4511387182
2,1,1,0,False,False,False,False,False,False,True,False,False,False,False,False,False,False,True,False,False,False,0,1,0,0,0,0,0,0,0,0,102574.31721600612,91881.64065526566
2,1,2,0,False,False,False,False,False,False,True,False,False,True,False,False,False,False,False,False,False,False,0,0,1,0,0,0,0,0,0,0,48518.48080470421,90232.95004416262
2,2,0,1,True,False,False,False,False,False,False,False,False,True,False,False,False,False,False,False,False,False,0,0,0,0,0,1,0,0,0,0,79644.93309909466,84508.01711639983
1,1,2,0,False,False,False,False,False,False,False,False,False,True,False,False,False,False,False,False,False,False,0,0,0,0,0,0,0,0,0,1,109663.04421839718,92655.74675629343
1,2,0,0,False,False,False,False,False,False,False,False,False,False,False,False,False,False,False,True,False,False,0,1,0,0,0,0,0,0,0,0,129631.5832963038,88913.5671979832
1,1,1,0,False,False,False,False,True,False,False,False,False,False,False,True,False,False,False,False,False,False,0,1,0,0,0,0,0,0,0,0,63245.81152164402,94696.2238224514
0,1,0,0,True,False,False,False,False,False,False,False,False,False,False,False,False,True,False,False,False,False,0,0,0,0,1,0,0,0,0,0,109264.89974773087,87328.56182738174
2,0,1,0,False,False,False,False,False,False,False,False,False,False,False,False,False,False,False,False,False,False,0,0,0,0,0,0,1,0,0,0,63064.75182472472,96034.32598160276
2,2,2,1,False,False,False,True,False,False,False,False,False,False,False,False,False,False,False,False,False,True,0,0,0,1,0,0,0,0,0,0,117188.22839922798,83166.5718364688
0,0,2,0,False,True,False,False,False,False,False,False,False,False,False,False,False,False,True,False,False,False,0,0,0,0,0,0,1,0,0,0,99372.11592999184,98574.69070249768
2,1,2,1,False,False,False,False,False,False,True,False,False,False,False,False,False,False,True,False,False,False,0,0,0,0,0,1,0,0,0,0,107170.26306894996,90112.08002702874
0,1,2,1,False,False,False,False,False,False,False,False,False,False,False,False,False,False,True,False,False,False,0,0,1,0,0,0,0,0,0,0,90774.54040739224,97948.95887715372
1,2,0,1,False,False,True,False,False,False,False,False,False,False,False,True,False,False,False,False,False,False,0,0,0,0,0,0,0,0,0,1,91850.81230987245,99193.28858133551
2,2,1,1,False,False,False,True,False,False,False,False,False,True,False,False,False,False,False,False,False,False,0,0,1,0,0,0,0,0,0,0,67469.06375432406,90190.03649287712
1,1,1,0,False,False,False,False,False,True,False,False,False,False,False,False,False,False,False,False,False,True,0,0,0,0,0,1,0,0,0,0,100779.55951402197,90528.4911110371
2,1,2,1,False,False,False,False,False,False,False,False,False,False,False,False,False,False,False,False,False,True,0,0,0,0,0,0,1,0,0,0,83429.30183074536,92358.0872028642
2,0,1,0,False,False,False,False,False,False,False,True,False,False,False,False,False,False,False,False,False,False,0,0,0,0,0,1,0,0,0,0,33601.38135993158,91263.97930553893
1,0,2,0,False,False,True,False,False,False,False,False,False,True,False,False,False,False,False,False,False,False,0,0,0,0,0,0,1,0,0,0,102714.59072314618,98064.41330681485
0,2,1,0,False,False,False,False,False,True,False,False,False,False,False,False,False,False,True,False,False,False,0,0,0,0,1,0,0,0,0,0,79805.39689629733,92808.04039462165
0,2,0,0,False,False,False,True,False,False,False,False,False,False,False,False,False,False,False,True,False,False,0,1,0,0,0,0,0,0,0,0,94838.72738947145,88664.81629509716
2,0,1,1,False,False,True,False,False,False,False,False,False,False,True,False,False,False,False,False,False,False,0,0,0,0,0,0,0,0,1,0,118340.87641895234,93861.50763727327
0,0,1,0,False,False,True,False,False,False,False,False,False,False,False,False,False,True,False,False,False,False,0,0,0,0,0,0,0,0,0,1,65470.358203830205,97254.5747788128
0,1,2,1,False,True,False,False,False,False,False,False,False,True,False,False,False,False,False,False,False,False,0,0,0,0,0,1,0,0,0,0,111392.16524315962,90437.41026946904
1,1,2,0,False,True,False,False,False,False,False,False,False,False,False,False,False,False,True,False,False,False,0,0,0,0,0,1,0,0,0,0,78902.56574458485,93433.11602461265
0,1,2,1,False,False,False,False,True,False,False,False,False,False,True,False,False,False,False,False,False,False,0,0,0,0,0,0,1,0,0,0,82223.42293382852,88285.84114671356
0,2,1,0,False,False,False,False,False,True,False,False,False,False,False,False,False,False,False,False,True,False,0,0,0,0,0,0,0,0,0,1,41495.71444254798,93542.67719934274
1,2,1,1,False,False,False,False,False,True,False,False,False,False,False,False,False,False,False,True,False,False,0,0,0,0,0,0,0,0,0,1,52243.50321499295,91568.17521377823
0,0,0,1,False,False,False,False,False,False,False,False,True,False,False,True,False,False,False,False,False,False,0,1,0,0,0,0,0,0,0,0,31969.52634612842,96423.0710339948
0,1,2,1,False,False,False,False,True,False,False,False,False,False,False,False,False,False,False,True,False,False,0,0,0,0,0,0,0,0,0,1,93833.21783469566,88101.03245577324
0,2,0,0,False,False,False,False,False,False,True,False,False,True,False,False,False,False,False,False,False,False,0,0,0,1,0,0,0,0,0,0,82127.81125302812,78951.11849001248
1,2,1,0,False,True,False,False,False,False,False,False,False,False,False,True,False,False,False,False,False,False,0,0,0,0,0,0,0,0,0,1,103150.4882697022,96810.60528748507
2,1,2,1,False,False,False,False,False,True,False,False,False,False,False,False,False,False,False,False,False,True,1,0,0,0,0,0,0,0,0,0,91646.59773434176,100188.96511822079
2,1,1,0,False,False,False,False,False,False,False,False,False,True,False,False,False,False,False,False,False,False,0,1,0,0,0,0,0,0,0,0,106464.57756693644,91852.99405659855
2,1,2,1,False,False,True,False,False,False,False,False,False,False,False,False,False,True,False,False,False,False,0,0,0,0,0,1,0,0,0,0,97645.09878289838,93390.90137799589
0,1,1,1,False,False,False,True,False,False,False,False,False,False,False,False,True,False,False,False,False,False,0,0,1,0,0,0,0,0,0,0,107583.52602868852,94246.35655003013
0,0,0,1,False,True,False,False,False,False,False,False,False,False,False,False,False,False,False,False,True,False,0,0,0,1,0,0,0,0,0,0,125421.91798621108,88390.24298613399
1,1,2,1,False,False,False,False,False,False,False,False,True,False,False,False,False,False,False,False,True,False,0,0,1,0,0,0,0,0,0,0,97622.96093308643,91257.52938537394
1,1,0,0,False,False,False,False,False,False,False,True,False,False,False,False,False,False,False,False,False,True,0,0,0,0,0,0,0,1,0,0,92891.89006592968,85318.6955528678
2,2,0,1,False,False,False,False,False,False,False,False,False,False,False,True,False,False,False,False,False,False,0,0,1,0,0,0,0,0,0,0,89189.63299928416,97184.77278468158
2,2,0,0,False,False,True,False,False,False,False,False,False,False,False,False,False,False,False,False,False,True,0,0,0,0,0,0,0,1,0,0,83249.43428300279,87989.118112647
0,0,0,0,False,False,False,False,False,False,True,False,False,False,False,False,False,False,False,True,False,False,0,0,1,0,0,0,0,0,0,0,126752.1346612942,90670.10607856089
1,1,1,1,False,False,False,False,False,False,True,False,False,False,False,False,False,False,False,True,False,False,0,0,0,0,0,0,0,0,1,0,86711.67119077238,85662.3142158878
1,1,0,1,False,False,True,False,False,False,False,False,False,False,False,False,False,False,False,False,True,False,0,0,0,0,0,1,0,0,0,0,118980.6046255848,93080.51063169142
0,2,1,0,False,False,False,False,False,False,False,True,False,False,False,False,False,False,False,False,True,False,0,0,0,0,0,0,0,0,0,1,92269.38073430952,89605.81850683039
0,1,0,0,False,False,False,False,False,True,False,False,False,False,True,False,False,False,False,False,False,False,0,0,0,0,1,0,0,0,0,0,109899.63337584709,90170.86966309813
0,0,1,1,False,False,False,False,False,True,False,False,False,False,False,True,False,False,False,False,False,False,0,0,0,0,0,0,0,0,0,1,100249.33032380774,103625.43724100909
1,1,0,1,False,False,False,False,False,True,False,False,False,False,False,False,False,True,False,False,False,False,0,0,0,0,0,0,0,0,1,0,92292.4301839998,90300.15158006694
1,0,0,1,False,True,False,False,False,False,False,False,False,False,False,False,False,False,False,False,False,False,0,0,0,0,0,0,0,1,0,0,139078.06691887142,92261.25946032889
0,0,1,1,True,False,False,False,False,False,False,False,False,False,False,False,True,False,False,False,False,False,0,0,0,0,0,1,0,0,0,0,112822.65463062502,91730.04970049331
0,2,2,0,False,False,False,False,False,False,False,True,False,False,False,False,False,False,False,True,False,False,0,0,0,0,0,0,0,0,1,0,96128.19709970424,86197.27240030904
0,1,2,0,True,False,False,False,False,False,False,False,False,False,False,False,False,False,True,False,False,False,1,0,0,0,0,0,0,0,0,0,101945.49775113164,101274.17188290964
2,0,1,1,False,True,False,False,False,False,False,False,False,False,False,False,False,False,False,False,True,False,0,0,0,0,0,0,0,0,0,1,85897.03542004264,95186.60028882862
2,0,0,0,True,False,False,False,False,False,False,False,False,False,False,False,False,False,False,False,True,False,0,0,0,0,1,0,0,0,0,0,65884.75743088922,90404.49243612395
2,0,0,0,False,False,True,False,False,False,False,False,False,False,False,False,False,True,False,False,False,False,0,0,0,0,0,0,1,0,0,0,76167.64860362199,95882.62432165621
2,2,1,0,False,False,False,False,False,False,True,False,False,False,False,True,False,False,False,False,False,False,0,0,0,1,0,0,0,0,0,0,84265.57650477519,86998.20241384913
0,0,1,1,False,False,False,False,False,True,False,False,False,False,True,False,False,False,False,False,False,False,0,0,0,0,1,0,0,0,0,0,53276.51071135004,93538.82755107082
0,0,2,0,False,False,False,False,False,False,True,False,False,False,False,True,False,False,False,False,False,False,1,0,0,0,0,0,0,0,0,0,117224.20230642238,105287.94736458763
2,1,2,0,False,False,False,False,False,False,True,False,False,False,False,False,False,False,False,False,False,False,0,0,0,0,0,1,0,0,0,0,97115.85949855324,88803.93649302093
2,0,2,0,True,False,False,False,False,False,False,False,False,False,False,False,False,False,False,False,False,False,0,0,0,0,0,0,0,0,0,1,101019.73315142626,95503.80844141281
2,1,2,1,False,False,False,False,True,False,False,False,False,False,False,False,False,False,False,True,False,False,0,0,0,1,0,0,0,0,0,0,80200.99689678931,81238.6570216163
2,1,2,1,False,True,False,False,False,False,False,False,False,False,False,False,False,False,False,False,True,False,0,0,0,0,1,0,0,0,0,0,66782.59080556972,91792.43139083126
2,0,1,1,False,False,False,False,True,False,False,False,False,False,False,True,False,False,False,False,False,False,0,1,0,0,0,0,0,0,0,0,95957.8983295738,96697.06504404357
2,1,1,1,False,False,False,True,False,False,False,False,False,True,False,False,False,False,False,False,False,False,0,0,0,0,0,0,0,0,0,1,89855.99908419327,90955.49758849054
1,1,2,1,False,True,False,False,False,False,False,False,False,False,False,True,False,False,False,False,False,False,0,0,1,0,0,0,0,0,0,0,107067.72886658164,101498.32489997282
2,0,0,1,False,False,False,True,False,False,False,False,False,False,False,False,False,False,False,False,False,False,0,0,0,0,0,0,0,0,1,0,103526.20119995158,91739.9951782708
0,2,2,1,False,False,False,False,False,False,False,False,False,False,False,False,False,False,False,False,True,False,0,1,0,0,0,0,0,0,0,0,122682.69986977737,93453.53931923608
2,2,0,0,False,False,False,False,False,False,False,False,False,False,False,False,False,False,False,True,False,False,0,0,0,0,0,0,0,0,0,1,83543.51072506783,88062.57627172899
0,0,1,0,False,False,False,False,False,False,False,False,False,False,False,False,True,False,False,False,False,False,0,0,0,0,0,0,0,0,0,1,91969.25634148406,95344.95014706593
1,0,0,1,False,False,False,False,False,False,False,True,False,False,False,False,False,False,False,False,True,False,0,1,0,0,0,0,0,0,0,0,133106.65496381235,93175.75680842475
1,0,2,0,False,False,False,False,False,True,False,False,False,True,False,False,False,False,False,False,False,False,0,0,0,0,0,0,0,0,1,0,104018.51430874206,94078.29106475327
1,0,1,0,False,False,True,False,False,False,False,False,False,False,False,False,False,True,False,False,False,False,0,0,0,0,0,0,0,0,0,1,41396.15745687459,96967.94781924423
1,2,0,0,False,False,False,False,False,True,False,False,False,False,False,True,False,False,False,False,False,False,0,0,0,0,0,1,0,0,0,0,68665.57782347569,95397.69784394387
0,1,0,0,False,False,False,False,False,False,False,True,False,False,False,False,False,False,False,True,False,False,0,0,0,0,0,0,0,1,0,0,58952.450768298775,86040.05234487829
0,0,1,1,False,False,False,False,False,False,False,False,True,False,False,False,True,False,False,False,False,False,0,0,0,0,0,1,0,0,0,0,73532.81590843154,88309.26022645121
0,1,0,0,False,False,False,False,False,False,True,False,False,False,False,False,False,True,False,False,False,False,0,0,0,1,0,0,0,0,0,0,106177.8584021202,81302.15869817483
0,2,0,0,False,False,False,False,False,False,False,True,False,True,False,False,False,False,False,False,False,False,0,0,0,0,0,1,0,0,0,0,82799.35770690278,84207.61797483827
